entity_id,person,x_handle,latest_timeline_post_at,activity_status
2295,(((E. Glen Weyl/衛谷倫))) ⿻ 🇺🇸/🇩🇪/🇹🇼,@glenweyl,2026-07-09T12:24:57+00:00,active
101,(((ل()(ل() 'yoav))))👾,@yoavgo,2026-07-08T23:05:50+00:00,active
1832,1a3orn,@1a3orn,2026-07-10T15:45:22+00:00,active
262,@emilymbender.bsky.social,@emilymbender,2024-11-05T14:06:23+00:00,active
2606,@labenz,@labenz,2026-07-10T16:45:14+00:00,active
160,@timnitGebru (@dair-community.social/bsky.social),@timnitgebru,2026-07-09T15:00:03+00:00,active
133,Aakanksha Chowdhery,@achowdhery,2026-03-16T19:30:05+00:00,active
1153,Aaron Defazio,@aaron_defazio,2026-07-09T05:47:52+00:00,active
2651,Aaron Francis,@aarondfrancis,2026-07-11T12:26:38+00:00,active
1853,Aaron Gokaslan,@skyli0n,2026-07-10T19:40:51+00:00,active
1887,Aaron Hertzmann,@aaronhertzmann,2026-05-23T16:58:11+00:00,active
1884,Aaron Lou,@aaron_lou,2026-07-10T18:32:42+00:00,active
644,Aaron Roth,@aaroth,2026-07-03T15:10:22+00:00,active
698,Abeba Birhane,@abebab,2025-03-17T00:04:43+00:00,active
1307,Abhi Venigalla,@ml_hardware,2024-08-27T18:04:54+00:00,active
768,Abhilasha Ravichander,@lasha_nlp,2026-07-11T08:24:45+00:00,active
1273,Abhishek Das,@abhshkdz,2026-07-02T16:10:20+00:00,active
520,Abhishek Gupta,@abhishekunique7,2026-07-10T01:02:21+00:00,active
555,Abigail See,@abigail_e_see,2025-11-06T14:38:14+00:00,active
2564,Adam Azzam,@aaazzam,2026-07-09T23:18:50+00:00,active
239,Adam D'Angelo,@adamdangelo,2026-06-01T03:02:19+00:00,active
2048,Adam Fry,@adamhfry,2026-07-08T21:01:46+00:00,active
926,Adam Gleave,@argleave,2026-07-11T03:42:56+00:00,active
2721,Adam Hofmann,@ajhofmann,2026-06-18T13:04:14+00:00,active
1462,Adam Lerer,@adamlerer,2025-02-03T19:17:24+00:00,active
835,Adam Paszke,@apaszke,2025-10-13T14:54:21+00:00,active
877,Adam R. Kosiorek,@arkosiorek,2026-02-09T19:25:24+00:00,active
1047,Adam Roberts,@ada_rob,2026-06-12T16:11:16+00:00,active
2593,Adam Sadovsky,@asadovsky,2026-06-05T06:46:44+00:00,active
1646,Adam Silverman (Hiring!) 🖇️,@adamsilverman,2026-07-09T17:50:44+00:00,active
1940,Adam Tauman Kalai,@adamfungi,2026-05-21T17:24:24+00:00,active
1702,adammaj,@majmudaradam,2026-05-11T23:06:23+00:00,active
693,Adina Williams,@adinamwilliams,2025-11-19T17:39:27+00:00,active
2990,Adina Yakup,@adinayakup,2026-07-10T09:25:44+00:00,active
2140,Aditi Raghunathan,@adtraghunathan,2026-07-09T05:13:07+00:00,active
467,Aditya Grover,@adityagrover_,2026-07-07T17:07:48+00:00,active
1007,Aditya Kusupati,@adityakusupati,2026-05-21T18:36:08+00:00,active
297,Aditya Ramesh,@model_mechanic,2026-05-31T16:23:35+00:00,active
2668,Aditya Timmaraju,@tadityasrinivas,2026-07-07T18:12:51+00:00,active
2031,Adriana Porter Felt,@__apf__,2026-07-10T17:09:22+00:00,active
948,Adrien Ecoffet,@adrienle,2026-07-11T01:48:24+00:00,active
1845,Adrien Gaidon,@adnothing,2026-02-06T15:55:31+00:00,active
2050,AerIn,@aerinykim,2026-05-28T17:11:36+00:00,active
2644,agrim singh @ ai engineer world fair,@agrimsingh,2026-07-09T22:14:24+00:00,active
919,Ahmad Al-Dahle,@ahmad_al_dahle,2026-04-24T04:17:30+00:00,active
233,Ahmad Beirami,@abeirami,2026-07-09T00:46:44+00:00,active
1478,Ahmed El-Kishky,@ahelkky,2026-07-10T16:55:18+00:00,active
2361,AI Explained,@aiexplainedyt,2026-06-30T15:14:40+00:00,active
1941,Aida Nematzadeh,@aidanematzadeh,2026-02-13T11:57:30+00:00,active
316,Aidan Clark,@_aidan_clark_,2026-07-11T01:25:03+00:00,active
300,Aidan Gomez,@aidangomez,2026-07-08T12:34:11+00:00,active
363,Aidan McLaughlin,@aidan_mclau,2026-07-10T18:48:55+00:00,active
1087,Aishwarya Kamath,@ashkamath20,2026-07-08T11:10:34+00:00,active
443,Ajay Jain,@ajayj_,2026-06-02T02:35:59+00:00,active
688,Ajeya Cotra,@ajeya_cotra,2026-07-11T10:28:52+00:00,active
303,Akari Asai,@akariasai,2026-07-11T05:51:23+00:00,active
1436,akbir.,@akbirkhan,2026-07-10T06:57:03+00:00,active
2438,Akshat Bubna,@akshat_b,2026-07-09T01:58:10+00:00,active
2506,Akshat Shrivastava,@akshats07,2026-07-10T22:07:56+00:00,active
2494,Alan Cowen,@alancowen,2026-07-06T22:55:25+00:00,active
641,Alan Ritter,@alan_ritter,2026-07-06T03:23:41+00:00,active
229,Albert Gu,@_albertgu,2026-07-08T07:14:08+00:00,active
2056,Albert Jiang,@albertqjiang,2026-07-08T16:00:14+00:00,active
3013,Alejandro Matamala Ortiz,@matamalaortiz,2026-07-10T23:21:58+00:00,active
1505,Aleksa Gordić (水平问题),@gordic_aleksa,2026-06-29T03:46:15+00:00,active
2130,Aleksander Holynski,@holynski_,2026-06-03T17:37:49+00:00,active
120,Aleksander Madry,@aleks_madry,2026-05-21T18:18:22+00:00,active
1377,Aleksandra Faust,@aleksandrafaust,2026-05-30T07:40:51+00:00,active
480,Alex Albert,@alexalbert__,2026-07-09T18:25:48+00:00,active
1974,Alex Alemi,@alemi,2025-03-04T02:45:41+00:00,active
2937,Alex Atallah,@alexatallah,2026-07-09T17:59:33+00:00,active
171,Alex Dimakis,@alexgdimakis,2026-07-11T04:05:07+00:00,active
1513,Alex Gajewski,@apagajewski,2026-06-26T18:20:00+00:00,active
409,Alex Graveley,@alexgraveley,2026-07-10T17:55:12+00:00,active
1201,Alex Gu,@minimario1729,2026-05-30T03:51:51+00:00,active
1658,Alex Imas,@alexolegimas,2026-07-11T05:55:31+00:00,active
2016,Alex Irpan,@alexirpan,2026-05-18T16:07:12+00:00,active
1383,Alex Kendall,@alexgkendall,2026-07-03T15:18:12+00:00,active
1858,alex lawsen,@lxrjl,2026-07-06T21:17:30+00:00,active
1137,Alex Mordvintsev,@zzznah,2026-07-11T08:33:01+00:00,active
735,Alex Nichol,@unixpickle,2026-07-10T21:57:54+00:00,active
1803,alex peysakhovich,@alex_peys,2026-07-10T14:38:21+00:00,active
1053,Alex Rampell,@arampell,2026-07-11T03:23:24+00:00,active
1330,Alex Ratner,@ajratner,2026-07-09T23:09:48+00:00,active
1108,Alex Rives,@alexrives,2026-06-11T18:00:00+00:00,active
294,Alex Smola,@smolix,2026-07-02T17:20:23+00:00,active
2085,Alex Stamos,@alexstamos,2026-07-09T23:33:47+00:00,active
2749,Alex Strick van Linschoten,@strickvl,2026-07-11T09:06:52+00:00,active
333,Alex Tamkin,@alextamkin,2026-07-07T07:29:28+00:00,active
2053,Alex Turner,@turn_trout,2026-06-28T18:47:59+00:00,active
1384,Alex Wang,@w4ngatang,2024-10-07T19:20:26+00:00,active
1944,Alex Wettig,@_awettig,2026-06-23T20:57:01+00:00,active
1313,alex zhang,@a1zhang,2026-07-08T03:26:46+00:00,active
1649,"Alex Zhavoronkov, PhD (aka Aleksandrs Zavoronkovs)",@biogerontology,2026-07-11T08:19:35+00:00,active
2618,Alex 🧩 Scaling Video GenAI,@alexmashrabov,2026-07-10T20:19:48+00:00,active
1135,Alexander D'Amour (@alexdamour.bsky.social),@alexdamour,2026-04-28T14:39:36+00:00,active
2946,Alexander Doria,@dorialexander,2026-07-11T10:41:45+00:00,active
1253,Alexander Embiricos,@embirico,2026-07-09T18:34:10+00:00,active
917,Alexander Kirillov,@_alex_kirillov_,2026-05-11T20:44:30+00:00,active
1017,Alexander Kolesnikov,@__kolesnikov__,2025-05-09T19:28:45+00:00,active
2787,Alexander Long,@alexanderlong,2026-07-10T16:50:40+00:00,active
1813,Alexander Novikov,@sashavnovikov,2026-05-07T16:32:06+00:00,active
1189,Alexander Terenin ✈️@ICML,@avt_im,2026-07-10T01:38:38+00:00,active
611,Alexander Wei,@alexwei_,2026-07-10T20:49:46+00:00,active
80,Alexandr Wang,@alexandr_wang,2026-07-11T10:02:19+00:00,active
1651,Alexey Guzey,@alexeyguzey,2026-07-10T20:28:06+00:00,active
618,Alexia Jolicoeur-Martineau,@jm_alexia,2026-07-10T12:09:52+00:00,active
191,Alexis Conneau,@alex_conneau,2026-07-09T16:40:18+00:00,active
598,Alexis Ross,@alexisjross,2026-07-10T16:34:28+00:00,active
624,Alfredo Canziani @ ICML,@alfcnz,2026-07-09T09:56:05+00:00,active
2364,Ali Behrouz,@behrouz_ali,2026-07-06T12:46:55+00:00,active
638,Ali Eslami,@arkitus,2026-06-03T12:42:28+00:00,active
1350,Ali Ghodsi,@alighodsi,2026-07-10T01:10:06+00:00,active
1000,Alice Oh,@aliceoh,2026-07-11T07:32:03+00:00,active
1912,Alireza Makhzani,@alimakhzani,2024-07-23T08:36:25+00:00,active
1002,Alisa Liu,@alisawuffles,2026-07-10T03:07:31+00:00,active
2313,Alison Gopnik,@alisongopnik,2026-07-10T17:05:29+00:00,active
1226,Allan Dafoe,@allandafoe,2026-04-08T14:53:43+00:00,active
1152,Allen Nie ✈️ ICML 2026 🇰🇷,@allenainie,2026-07-11T06:06:25+00:00,active
1485,Allison Tam,@allisontam_,2026-03-03T19:13:34+00:00,active
1955,Alon Albalak,@albalakalon,2026-07-08T21:15:18+00:00,active
3007,Alpay Ariyak,@alpayariyak,2026-02-26T20:00:22+00:00,active
2970,Alpin,@alpindale,2026-07-08T20:26:05+00:00,active
1806,Aman,@aman_madaan,2026-07-11T08:31:41+00:00,active
479,Aman Sanger,@amanrsanger,2026-07-08T18:20:20+00:00,active
157,Amanda Askell,@amandaaskell,2026-07-09T15:49:22+00:00,active
1942,Amanda Bertsch,@abertsch72,2026-07-04T21:54:13+00:00,active
2558,Amanpreet Singh,@apsdehal,2026-06-14T18:14:52+00:00,active
1915,Ameet Talwalkar,@atalwalkar,2026-07-07T02:24:27+00:00,active
875,Amin Karbasi,@aminkarbasi,2026-07-10T16:08:01+00:00,active
1288,Amir Efrati,@amir,2026-07-10T20:38:09+00:00,active
1138,Amir Zamir,@zamir_ar,2026-07-09T05:18:45+00:00,active
2071,Amir-massoud Farahmand,@sologen,2026-07-08T16:22:47+00:00,active
227,Amjad Masad,@amasad,2026-07-11T03:33:03+00:00,active
3058,Ammaar Reshi,@ammaar,2026-07-10T15:14:35+00:00,active
1833,Amy Lu,@amyxlu,2026-06-26T00:56:14+00:00,active
936,Amy Zhang,@amyxzh,2026-07-09T21:08:23+00:00,active
607,Amy Zhang,@yayitsamyzhang,2026-04-20T19:31:12+00:00,active
603,Ana Marasović,@anmarasovic,2026-07-03T22:13:25+00:00,active
491,Ananya Kumar,@ananyaku,2026-07-09T22:33:13+00:00,active
2371,Anastasiia Filippova🇺🇦,@nasfilippova,2026-02-28T00:00:31+00:00,active
1076,Anastasios Nikolas Angelopoulos,@ml_angelopoulos,2026-07-11T02:56:33+00:00,active
3014,Anastasis Germanidis,@agermanidis,2026-07-06T15:42:35+00:00,active
190,Anca Dragan,@ancadianadragan,2026-06-23T16:26:08+00:00,active
2302,Anders Sandberg,@anderssandberg,2026-07-11T08:56:59+00:00,active
673,Andi Peng,@theandipenguin,2026-07-10T17:14:59+00:00,active
2948,Andras Bacsai,@heyandras,2026-07-11T09:37:52+00:00,active
2079,Andre Martins,@andre_t_martins,2026-07-07T08:00:24+00:00,active
2044,Andrea Montanari,@andrea__m,2026-07-07T06:16:32+00:00,active
1999,Andrea Tagliasacchi @CVPR,@taiyasaki,2026-06-29T19:14:07+00:00,active
276,Andreas Kirsch 🇺🇦,@blackhc,2026-07-10T17:26:18+00:00,active
1997,Andreas Krause,@arkrause,2026-07-07T12:49:21+00:00,active
993,Andreas Mueller,@amuellerml,2025-02-11T18:57:10+00:00,active
1886,Andreas Stuhlmüller,@stuhlmueller,2026-07-09T16:35:01+00:00,active
1073,Andreas Vlachos,@vlachos_nlp,2026-07-11T08:35:37+00:00,active
1331,Andreea Bobu,@andreea7b,2026-04-13T23:04:37+00:00,active
1766,Andrei Bursuc,@abursuc,2026-07-08T16:57:43+00:00,active
11,Andrej Karpathy,@karpathy,2026-07-09T17:11:59+00:00,active
898,Andrej Risteski,@risteski_a,2026-06-18T21:06:18+00:00,active
1748,Andrew Beam,@andrewlbeam,2026-06-05T15:11:13+00:00,active
485,Andrew Carr 🤸,@andrew_n_carr,2026-07-11T02:44:16+00:00,active
1822,Andrew Critch (🤖🩺🚀),@andrewcritchphd,2026-07-10T21:33:18+00:00,active
730,Andrew Davison,@ajddavison,2026-07-10T22:58:45+00:00,active
1021,Andrew Drozdov,@mrdrozdov,2026-07-09T03:43:36+00:00,active
1533,Andrew Feldman,@andrewdfeldman,2026-07-11T00:38:34+00:00,active
1418,Andrew Fitzgibbon,@awfidius,2026-05-18T15:12:41+00:00,active
2021,andrew gao,@itsandrewgao,2026-07-10T20:35:18+00:00,active
153,Andrew Gordon Wilson,@andrewgwils,2026-07-10T14:54:58+00:00,active
1994,Andrew Ilyas,@andrew_ilyas,2026-06-11T22:19:20+00:00,active
2757,Andrew Jefferson,@eastlondondev,2026-07-08T18:10:21+00:00,active
280,Andrew Lampinen,@andrewlampinen,2026-07-09T15:21:23+00:00,active
1984,Andrew M. Dai @ ICML,@andrewdai,2026-07-08T02:05:44+00:00,active
1650,Andrew Mason,@andrewmason,2026-02-15T20:46:10+00:00,active
1614,Andrew McAfee 🇺🇦,@amcafee,2026-06-26T11:40:21+00:00,active
1358,Andrew McCalip,@andrewmccalip,2026-07-11T00:26:25+00:00,active
44,Andrew Ng,@andrewyng,2026-07-09T17:31:17+00:00,active
2074,Andrew Saxe,@saxelab,2026-07-09T20:21:00+00:00,active
1267,Andrew White 🐦‍⬛,@andrewwhite01,2026-07-04T18:59:00+00:00,active
2440,Andriy Mulyar,@andriy_mulyar,2026-07-02T18:16:44+00:00,active
846,Andy Brock,@ajmooch,2025-07-28T17:27:55+00:00,active
2271,Andy Jassy,@ajassy,2026-07-03T14:46:14+00:00,active
619,andy jones,@andy_l_jones,2026-07-07T17:26:42+00:00,active
1233,Andy Konwinski,@andykonwinski,2026-07-09T23:20:31+00:00,active
1708,Andy Masley,@andymasley,2026-07-11T01:49:20+00:00,active
1030,Andy Zeng,@andyzengineer,2026-07-07T16:18:47+00:00,active
2838,Andy Zou,@andyzou_jiaming,2025-11-24T21:48:55+00:00,active
1232,Angela Jiang,@jiangelaa,2026-04-17T15:54:17+00:00,active
1956,Angelica Chen,@_angie_chen,2026-07-10T05:21:15+00:00,active
2848,Angelos Katharopoulos,@angeloskath,2026-06-10T21:55:07+00:00,active
465,Angjoo Kanazawa,@akanazawa,2026-06-17T22:31:04+00:00,active
1308,Ani Kembhavi,@anikembhavi,2026-07-09T16:59:20+00:00,active
557,Ani Nenkova,@ani_nenkova,2024-09-30T12:50:29+00:00,active
256,Animesh Garg,@animesh_garg,2026-07-11T11:03:32+00:00,active
1182,Anirudh Goyal,@anirudhg9119,2026-07-10T21:54:33+00:00,active
1367,Anirudha Majumdar,@majumdar_ani,2026-07-04T15:29:41+00:00,active
2250,Anjalie Field,@anjalie_f,2024-12-11T17:57:27+00:00,active
438,Anjney Midha,@anjneymidha,2026-07-11T10:31:16+00:00,active
1006,Ankesh Anand,@ankesh_anand,2026-02-19T22:19:00+00:00,active
2799,Ankur Goyal,@ankrgyl,2026-07-10T21:33:20+00:00,active
1060,Ankur Handa,@ankurhandos,2026-07-06T01:53:21+00:00,active
516,Ankur Parikh,@ank_parikh,2026-07-10T13:29:23+00:00,active
1869,Anmol Gulati,@anmol01gulati,2026-07-10T20:46:40+00:00,active
1731,Ann Bordetsky,@annbordetsky,2026-07-11T02:44:18+00:00,active
625,Anna Goldie,@annadgoldie,2026-06-21T01:22:20+00:00,active
1953,Anna Harutyunyan | Աննա Հարությունյան,@aharutyu,2025-03-13T09:55:10+00:00,active
1820,Anna Ivanova,@neuranna,2026-07-08T18:12:06+00:00,active
499,Anna Rogers,@annargrs,2025-01-20T10:25:10+00:00,active
1460,Anne Ouyang,@anneouyang,2026-05-21T18:35:54+00:00,active
1412,Anthony Goldbloom,@antgoldbloom,2026-07-08T20:17:00+00:00,active
2924,antirez,@antirez,2026-07-10T16:17:08+00:00,active
530,Antoine Bosselut,@abosselut,2026-07-08T06:06:23+00:00,active
2101,anton,@abacaj,2026-07-10T19:31:48+00:00,active
1468,Anton Osika,@antonosika,2026-07-10T15:23:59+00:00,active
784,anton 🇺🇸,@atroyn,2026-01-16T21:30:19+00:00,active
2082,antonio vergari ⚔️,@tetraduzione,2026-07-08T09:29:26+00:00,active
1102,Antonis Anastasopoulos,@anas_ant,2026-07-05T22:23:34+00:00,active
1716,Aparna Chennapragada,@aparnacd,2026-06-23T20:04:18+00:00,active
2408,apolinario (poli),@multimodalart,2026-07-08T21:01:08+00:00,active
2518,Apoorv Agrawal,@apoorv03,2026-07-10T02:14:35+00:00,active
2501,Apoorva,@apoorvasriniva,2026-07-10T21:01:52+00:00,active
73,Aran Komatsuzaki,@arankomatsuzaki,2026-07-09T14:27:28+00:00,active
1091,Arash Vahdat,@arashvahdat,2026-07-09T21:35:31+00:00,active
1875,Aravind Rajeswaran @ ICML 2026,@aravindr93,2026-07-05T01:51:18+00:00,active
105,Aravind Srinivas,@aravsrinivas,2026-07-11T07:20:57+00:00,active
1044,Archit Sharma,@archit_sharma97,2026-04-21T21:43:58+00:00,active
473,Ari Holtzman,@universeinanegg,2026-07-10T18:52:06+00:00,active
382,Ari Morcos ✈️ ICML,@arimorcos,2026-07-07T05:27:21+00:00,active
2693,Ari Weinstein,@arix,2026-07-09T18:14:01+00:00,active
961,Ariel Herbert-Voss,@adversariel,2026-07-04T03:36:38+00:00,active
1036,Arman Cohan ✈️ ICML 2026 🇰🇷,@armancohan,2026-07-09T23:01:36+00:00,active
876,Armand Joulin,@armandjoulin,2026-07-09T15:44:02+00:00,active
601,Armen Aghajanyan,@armenagha,2026-07-10T18:52:35+00:00,active
1613,Armin Ronacher ⇌,@mitsuhiko,2026-07-11T10:24:05+00:00,active
2436,Arnaud Autef,@arnaud_autef,2025-12-18T05:15:59+00:00,active
759,Arnaud Doucet,@arnauddoucet1,2026-02-24T20:49:55+00:00,active
1080,Arthur Conmy,@arthurconmy,2026-07-01T22:38:15+00:00,active
1112,Arthur Douillard,@ar_douillard,2026-06-29T16:18:28+00:00,active
413,Arthur Gretton,@arthurgretton,2026-07-10T02:06:55+00:00,active
261,Arthur Mensch,@arthurmensch,2026-07-07T17:39:23+00:00,active
3001,Arthur Zucker,@art_zucker,2026-07-08T09:39:57+00:00,active
2573,Arun Vijayvergiya,@arunv30,2026-07-10T03:11:53+00:00,active
144,Arvind Narayanan,@random_walker,2026-07-11T00:48:07+00:00,active
702,Arvind Neelakantan,@arvind_io,2026-07-05T04:51:16+00:00,active
1807,Arvind Satyanarayan,@arvindsatya1,2026-07-08T22:52:09+00:00,active
749,Aryaman Arora,@aryaman2020,2026-07-11T04:29:06+00:00,active
2983,ashe,@ashebytes,2026-07-11T11:07:36+00:00,active
232,Ashish Vaswani,@ashvaswani,2026-03-07T01:46:46+00:00,active
1318,Ashok Elluswamy,@aelluswamy,2026-07-11T08:31:39+00:00,active
2127,Ashvin Nair,@ashvinair,2026-07-08T20:34:11+00:00,active
1880,Ashwinee Panda @ICML2026,@pandaashwinee,2026-07-10T09:01:05+00:00,active
689,Asli Celikyilmaz,@real_asli,2026-05-18T16:26:48+00:00,active
1538,Aston Zhang,@astonzhangaz,2026-06-26T17:49:18+00:00,active
2811,Atila,@atiorh,2026-07-07T18:17:28+00:00,active
1558,Atty Eleti,@athyuttamre,2026-07-11T05:37:57+00:00,active
337,augustus odena,@gstsdn,2026-06-16T17:19:57+00:00,active
720,Austen Allred,@austen,2026-07-11T12:08:36+00:00,active
1370,Avi Singh,@avisingh599,2026-05-20T19:44:22+00:00,active
762,Aviral Kumar,@aviral_kumar2,2026-04-23T17:03:17+00:00,active
1461,Avital Balwit,@avitalbalwit,2026-05-23T14:55:30+00:00,active
2120,Aviv Tamar,@avivtamar1,2026-07-10T20:10:46+00:00,active
1120,Awni Hannun,@awnihannun,2026-07-09T21:31:16+00:00,active
402,Azalia Mirhoseini,@azaliamirh,2026-07-11T00:34:41+00:00,active
278,Aäron van den Oord,@avdnoord,2026-02-26T17:39:48+00:00,active
2716,Balta,@baltaaazr,2026-07-08T19:44:29+00:00,active
1423,Banghua Zhu,@banghuaz,2026-07-10T23:40:39+00:00,active
2478,Baptiste Rozière,@b_roziere,2026-01-27T16:12:20+00:00,active
824,Barbara Plank,@barbara_plank,2025-05-16T13:35:43+00:00,active
109,Barret Zoph,@barret_zoph,2026-01-15T00:17:47+00:00,active
2678,Barry Zhang,@barry_zyj,2025-10-16T16:28:15+00:00,active
2831,batuhan the fal guy,@isidentical,2026-07-10T18:41:12+00:00,active
79,Been Kim,@_beenkim,2026-07-10T04:56:24+00:00,active
531,Beff (e/acc),@beffjezos,2026-07-11T08:12:53+00:00,active
129,Behnam Neyshabur,@bneyshabur,2026-07-06T15:24:17+00:00,active
635,Beidi Chen,@beidichen,2026-07-11T00:53:45+00:00,active
765,Belinda Li @ ICML 2026,@belindazli,2026-07-09T12:04:48+00:00,active
2425,Ben (no treats),@andersonbcdefg,2026-07-11T03:27:37+00:00,active
2337,Ben Burtenshaw,@ben_burtenshaw,2026-07-10T19:59:51+00:00,active
2956,Ben Clavié,@bclavie,2026-07-11T07:40:46+00:00,active
2588,Ben Firshman,@bfirsh,2026-07-10T00:13:39+00:00,active
1616,Ben Goertzel,@bengoertzel,2026-07-06T20:00:55+00:00,active
1467,ben hylak,@benhylak,2026-07-11T01:53:55+00:00,active
2254,Ben Kuhn,@benkuhn,2026-04-25T00:57:05+00:00,active
1058,Ben Mann,@8enmann,2026-04-17T18:59:14+00:00,active
1326,Ben Mildenhall,@benmildenhall,2026-06-18T16:21:57+00:00,active
1790,Ben Newhouse,@newhouseb,2026-07-08T17:44:10+00:00,active
94,Ben Poole,@poolio,2026-06-25T17:05:51+00:00,active
60,Ben Recht,@beenwrekt,2026-07-09T15:28:14+00:00,active
243,Ben Thompson,@benthompson,2026-07-09T23:35:38+00:00,active
1380,Ben Tossell,@bentossell,2026-07-10T12:46:50+00:00,active
2671,benja,@benjaminakar,2026-07-09T08:59:55+00:00,active
1325,Benjamin F Spector,@bfspector,2026-07-04T23:26:14+00:00,active
2914,BennyKok,@bennykokmusic,2026-07-11T03:41:23+00:00,active
2017,Berk Ustun,@berkustun,2025-06-24T19:16:48+00:00,active
364,Bernhard Schölkopf,@bschoelkopf,2026-06-12T14:41:12+00:00,active
2156,Bethany Bongiorno,@bella_bongiorno,2025-11-10T17:06:13+00:00,active
2989,Bianca Martin,@bianca__martin,2026-05-18T20:09:26+00:00,active
1871,bilal,@bilaltwovec,2026-07-11T09:31:21+00:00,active
1562,Bill Gross,@bill_gross,2026-04-15T15:49:40+00:00,active
264,Bill Gurley,@bgurley,2026-07-10T23:48:57+00:00,active
431,Bill Peebles,@billpeeb,2026-04-17T19:36:56+00:00,active
383,Bill Yuchen Lin,@billyuchenlin,2026-07-10T19:57:06+00:00,active
933,billy bubba bingus-drumpfus,@wgrathwohl,2026-07-11T03:21:27+00:00,active
2022,Bindu Reddy,@bindureddy,2026-07-11T05:33:36+00:00,active
2957,Bing Xu,@bingxu_,2026-07-10T16:53:56+00:00,active
1104,Binyuan Hui,@huybery,2026-04-22T02:10:13+00:00,active
2908,Birchlabs,@birchlabs,2026-07-09T14:19:30+00:00,active
1175,Blaise Agüera (@blaiseaguera.bsky.social),@blaiseaguera,2026-07-08T16:11:45+00:00,active
1202,Blake Richards,@tyrell_turing,2026-02-13T15:05:21+00:00,active
2000,Bo Dai,@daibond_alpha,2026-05-30T01:26:51+00:00,active
159,Boaz Barak,@boazbaraktcs,2026-07-10T23:36:54+00:00,active
193,Bob McGrew,@bobmcgrewai,2026-07-10T18:30:19+00:00,active
2559,Bob van Luijt,@bobvanluijt,2026-07-09T20:47:11+00:00,active
834,Bolei Zhou,@zhoubolei,2026-06-09T23:01:29+00:00,active
373,Boris Cherny,@bcherny,2026-07-11T00:43:07+00:00,active
1342,Boris Dayma 🖍️,@borisdayma,2026-05-15T16:42:49+00:00,active
384,Boris Power,@borismpower,2026-07-10T06:14:13+00:00,active
1862,Bowen Baker,@bobabowen,2026-05-07T18:45:25+00:00,active
1262,Boyuan Chen,@boyuanchen0,2026-06-23T23:47:45+00:00,active
744,Boz,@boztank,2026-07-09T16:50:50+00:00,active
446,Brad Lightcap,@bradlightcap,2026-05-11T14:10:10+00:00,active
2450,Braden Ream,@reambraden,2026-06-14T04:22:52+00:00,active
149,Brandon Amos,@brandondamos,2026-07-08T13:50:03+00:00,active
1004,Brandon McKinzie,@mckbrando,2026-07-11T03:36:14+00:00,active
1291,Brendan (can/do),@brendanfoody,2026-07-11T04:00:13+00:00,active
833,Brendan O'Donoghue,@bodonoghue85,2026-07-11T09:50:44+00:00,active
408,Brenden Lake,@lakebrenden,2026-07-07T00:28:18+00:00,active
2658,Brent Schooley,@heccbrent,2026-07-10T03:52:56+00:00,active
296,Bret Taylor,@btaylor,2026-07-10T13:22:07+00:00,active
714,Brett Adcock,@adcock_brett,2026-07-09T15:02:40+00:00,active
1809,Brian Cheung,@thisismyhat,2026-06-06T18:00:04+00:00,active
1819,Brian Christian,@brianchristian,2026-07-07T17:14:39+00:00,active
2175,Brian Huang ✈️ ICML,@brianryhuang,2026-07-11T11:51:34+00:00,active
653,Bryan Catanzaro,@ctnzr,2026-07-09T21:52:04+00:00,active
1260,Brydon Eastman,@brhydon,2026-07-10T17:21:06+00:00,active
2143,Buck Shlegeris,@bshlgrs,2026-07-09T16:32:02+00:00,active
2839,Burkay Gur,@burkaygur,2026-07-10T00:28:31+00:00,active
1335,byron wallace,@byron_c_wallace,2026-07-05T22:55:20+00:00,active
837,Caglar Gulcehre,@caglarml,2026-07-06T12:20:21+00:00,active
700,Caiming Xiong,@caimingxiong,2026-06-11T15:19:42+00:00,active
952,Caitlin Kalinowski,@kalinowski007,2026-07-05T02:11:49+00:00,active
1686,Caleb Watney,@calebwatney,2026-07-10T18:30:49+00:00,active
1540,"Cameron R. Wolfe, Ph.D.",@cwolferesearch,2026-07-08T18:42:48+00:00,active
1068,Carina Hong,@carinalhong,2026-07-08T17:49:42+00:00,active
1442,Carl Doersch,@carldoersch,2026-04-21T21:14:11+00:00,active
740,Carl Vondrick,@cvondrick,2025-01-22T00:22:40+00:00,active
1907,Carles Gelada,@carlesgelada,2026-07-08T18:50:47+00:00,active
2307,Carlos Guestrin,@guestrin,2026-01-29T20:34:25+00:00,active
1711,Carolina Milanesi,@caro_milanesi,2026-07-10T23:42:10+00:00,active
568,Cas (Stephen Casper),@stephenlcasper,2026-07-09T13:01:06+00:00,active
1402,Casey Chu,@caseychu9,2025-11-24T18:11:00+00:00,active
882,Casey Handmer,@cjhandmer,2026-07-11T04:10:10+00:00,active
550,cat,@_catwu,2026-07-10T18:24:20+00:00,active
269,Catherine Olsson,@catherineols,2026-05-09T18:57:27+00:00,active
1926,Cathy Wu (Hiring PhD/postdocs),@wucathy,2026-03-27T10:06:32+00:00,active
1016,Cem Anil,@cem__anil,2026-07-10T04:00:23+00:00,active
2504,Chaitu,@chaitu,2026-07-11T01:24:33+00:00,active
351,Chamath Palihapitiya,@chamath,2026-07-11T07:33:06+00:00,active
2453,chansung,@algo_diver,2026-07-11T07:10:18+00:00,active
1870,Charles Foster,@cfgeek,2026-07-11T05:11:28+00:00,active
121,Charles Sutton,@randomlywalking,2025-07-21T21:28:13+00:00,active
1525,Charlie Holtz,@charlieholtz,2026-07-10T13:12:52+00:00,active
1265,Charlie Marsh,@charliermarsh,2026-07-10T20:49:47+00:00,active
423,Charlie Snell,@sea_snell,2026-03-30T04:26:17+00:00,active
19,Chelsea Finn,@chelseabfinn,2026-07-09T07:48:52+00:00,active
541,Chelsea Sierra Voss,@csvoss,2026-07-04T14:59:56+00:00,active
1483,Cheng Lou,@_chenglou,2026-07-11T02:17:40+00:00,active
1355,Cheng Lu,@clu_cheng,2026-06-19T04:11:25+00:00,active
543,Chenhao Tan,@chenhaotan,2026-07-11T05:54:29+00:00,active
1077,Chenlin Meng,@chenlin_meng,2026-07-10T01:57:08+00:00,active
1920,Chenyan Xiong,@xiongchenyan,2026-07-10T17:10:23+00:00,active
1075,Chi Jin,@chijinml,2026-07-09T19:59:16+00:00,active
234,Chip Huyen,@chipro,2026-06-05T15:58:18+00:00,active
2473,chris,@hingeloss,2026-06-20T16:20:06+00:00,active
935,Chris Anderson (in London),@chr1sa,2026-07-11T12:08:29+00:00,active
1147,Chris Donahue,@chrisdonahuey,2026-07-11T05:12:50+00:00,active
245,Chris Dyer,@redpony,2025-10-08T15:27:13+00:00,active
318,Chris J. Maddison,@cjmaddison,2026-04-16T15:51:09+00:00,active
944,Chris Lattner,@clattner_llvm,2026-07-09T23:16:38+00:00,active
1859,Chris Lu,@_chris_lu_,2026-03-26T08:53:38+00:00,active
26,Chris Olah,@ch402,2026-05-25T13:44:42+00:00,active
1306,Chris Painter,@chrispainteryup,2026-07-10T01:15:08+00:00,active
857,Chris Paxton,@chris_j_paxton,2026-07-11T01:46:58+00:00,active
1802,Chris Perry,@thechrisperry,2026-07-07T22:53:16+00:00,active
2776,Chris Tate,@ctatedev,2026-07-10T20:33:26+00:00,active
113,Christian Szegedy,@chrszegedy,2026-07-09T23:48:23+00:00,active
1765,Christian Wolf (🦋🦋🦋),@chriswolfvision,2026-06-24T09:20:20+00:00,active
1937,Christina Baek,@_christinabaek,2026-03-18T15:08:23+00:00,active
732,christina kim,@christinahkim,2026-03-03T18:28:04+00:00,active
2539,Christina Wadsworth Kaplan,@christinahartw,2026-06-04T17:19:49+00:00,active
800,Christine McLeavey,@mcleavey,2026-07-10T02:35:12+00:00,active
24,Christopher Manning,@chrmanning,2026-07-09T15:39:29+00:00,active
1808,Christopher Nguyen ⽗,@pentagoniac,2026-07-11T00:02:43+00:00,active
220,Christopher Potts,@chrisgpotts,2026-07-09T02:29:01+00:00,active
851,Chuang Gan,@gan_chuang,2026-06-24T18:15:06+00:00,active
1235,Chunting Zhou,@violet_zct,2024-10-04T17:23:36+00:00,active
1522,Cinjon Resnick,@cinjoncin,2025-06-11T17:52:27+00:00,active
1070,Claire Vernade @claireve.bsky.app,@vernadec,2026-05-20T08:02:17+00:00,active
2136,Clara Isabel Meister,@clara__meister,2026-07-09T15:39:01+00:00,active
1161,Clare Lyle,@clarelyle,2026-05-07T17:43:37+00:00,active
1531,clare ❤️‍🔥,@clarejtbirch,2026-07-10T22:37:44+00:00,active
1662,Clay Bavor,@claybavor,2026-07-10T22:50:23+00:00,active
115,clem 🤗,@clementdelangue,2026-07-10T22:27:58+00:00,active
595,Clive Chan,@itsclivetime,2026-07-05T08:37:16+00:00,active
469,CLS,@chengleisi,2026-07-10T20:54:25+00:00,active
671,Clément Farabet,@clmt,2026-06-25T19:58:10+00:00,active
2434,Clémentine Fourrier 🍊 is off till Dec 2026 (🪂),@clefourrier,2025-12-03T16:08:49+00:00,active
1415,Cody Blakeney,@code_star,2026-07-10T18:53:07+00:00,active
2816,cole murray,@colemurray,2026-07-10T21:37:42+00:00,active
1839,Cong Lu,@cong_ml,2026-07-10T15:40:46+00:00,active
2797,Connor Holmes,@cmikeh2,2025-09-30T18:48:45+00:00,active
1051,Connor Leahy,@npcollapse,2026-07-10T17:18:36+00:00,active
3056,Connor Shorten,@cshorten30,2026-07-10T23:10:37+00:00,active
1729,Conrad Kramer,@conradev,2026-07-10T02:09:56+00:00,active
1786,Constantinos Daskalakis,@konstdaskalakis,2026-06-19T09:00:22+00:00,active
856,Corey Lynch,@coreylynch,2026-05-20T17:29:06+00:00,active
2293,Corry Wang,@corry_wang,2026-05-06T15:57:11+00:00,active
1117,Costa Huang,@vwxyzjn,2026-07-10T17:54:20+00:00,active
1737,Cristian Garcia,@cgarciae88,2026-07-11T06:06:42+00:00,active
660,Cristóbal Valenzuela,@c_valenzuelab,2026-07-10T21:10:44+00:00,active
1678,Crystal,@crystalsssup,2026-06-15T14:25:39+00:00,active
392,Csaba Szepesvari,@csabaszepesvari,2026-07-09T01:33:09+00:00,active
1680,Cyril Diagne,@cyrildiagne,2026-05-29T11:13:45+00:00,active
2531,Daisy Hollman,@the_whole_daisy,2026-07-09T04:14:11+00:00,active
1222,Dallas Card,@dallascard,2025-07-29T12:43:59+00:00,active
1772,Damek,@damekdavis,2026-06-17T12:53:16+00:00,active
873,Dan Fu,@realdanfu,2026-07-08T18:23:24+00:00,active
146,Dan Hendrycks,@hendrycks,2026-07-10T18:49:16+00:00,active
180,Dan Jurafsky,@jurafsky,2025-08-24T19:10:22+00:00,active
2657,Dan Peguine,@danpeguine,2026-07-10T13:45:15+00:00,active
983,Dan Roberts,@danintheory,2026-07-09T20:03:19+00:00,active
56,Dan Roy,@roydanroy,2026-07-09T03:30:41+00:00,active
977,Dan Shipper 📧,@danshipper,2026-07-11T02:23:24+00:00,active
1628,Dan Wang,@danwwang,2026-03-18T20:44:19+00:00,active
1452,Dan Zhang @ ICML,@dzhang50,2026-07-10T04:36:49+00:00,active
1647,Dane Knecht 🦭,@dok2001,2026-07-09T12:59:15+00:00,active
855,Danfei Xu,@danfei_xu,2026-07-09T19:07:44+00:00,active
1980,Dani Yogatama,@daniyogatama,2026-07-09T00:12:13+00:00,active
2526,Daniel Bourke,@mrdbourke,2026-06-17T04:55:34+00:00,active
1741,"Daniel Eth (yes, Eth is my actual last name)",@daniel_271828,2026-07-11T05:31:07+00:00,active
2121,Daniel Filan,@dfrsrchtwts,2026-07-10T00:09:13+00:00,active
347,Daniel Fried,@dan_fried,2026-07-06T18:13:11+00:00,active
210,Daniel Gross,@danielgross,2026-01-15T17:26:38+00:00,active
1008,Daniel Han,@danielhanchen,2026-07-11T03:34:40+00:00,active
1440,Daniel Jeffries,@dan_jeffries1,2026-07-11T11:12:55+00:00,active
1179,Daniel Johnson,@_ddjohnson,2026-07-09T17:41:39+00:00,active
913,Daniel Khashabi 🕊️,@danielkhashabi,2026-07-09T11:40:00+00:00,active
874,Daniel Kokotajlo,@dkokotajlo,2026-07-11T06:30:21+00:00,active
631,Daniel Levy,@daniellevy__,2025-07-03T16:02:51+00:00,active
2099,Daniel Lowd,@dlowd,2025-12-25T05:48:31+00:00,active
1835,Daniel Paleka,@dpaleka,2026-06-11T15:44:44+00:00,active
3032,Daniel San,@dani_avila7,2026-07-10T21:25:44+00:00,active
2864,Daniel van Strien,@vanstriendaniel,2026-07-11T10:23:18+00:00,active
1054,Daniel Weld,@dsweld,2026-05-04T17:27:15+00:00,active
2825,Daniel Whitenack,@dwhitena,2025-07-07T20:55:16+00:00,active
1821,Daniel Yamins,@dyamins,2026-07-10T23:24:00+00:00,active
2123,Daniel Ziegler,@d_m_ziegler,2026-07-09T16:13:01+00:00,active
370,Danijar Hafner,@danijarh,2026-01-15T23:47:43+00:00,active
154,Danilo J. Rezende,@danilojrezende,2025-02-15T13:02:42+00:00,active
2065,Danny Tarlow,@dtarlow2,2025-06-17T15:04:19+00:00,active
132,Danqi Chen,@danqi_chen,2026-05-26T20:15:12+00:00,active
2546,DANΞ,@cryps1s,2026-07-10T17:51:54+00:00,active
218,Dario Amodei,@darioamodei,2026-06-10T18:48:31+00:00,active
1580,Daron Acemoglu,@dacemoglumit,2026-07-10T14:59:09+00:00,active
1866,Dave,@dece,2024-10-29T17:18:27+00:00,active
122,David,@davidsholz,2026-07-07T04:58:22+00:00,active
2541,David,@dzhng,2026-07-11T07:52:38+00:00,active
582,David Abel,@dabelcs,2026-07-08T10:48:52+00:00,active
1118,David Alvarez Melis,@elmelis,2026-06-05T16:14:07+00:00,active
1099,David Bamman,@dbamman,2024-10-15T16:14:44+00:00,active
494,David Bau,@davidbau,2026-07-08T23:48:07+00:00,active
1902,David Berthelot,@d_berthelot_ml,2025-03-19T23:41:54+00:00,active
1643,David Chalmers,@davidchalmers42,2026-06-02T10:24:59+00:00,active
1227,David Chiang,@davidweichiang,2026-07-06T13:46:03+00:00,active
1733,David Cox,@neurobongo,2026-04-24T17:07:32+00:00,active
2641,David Crawshaw,@davidcrawshaw,2026-07-10T22:34:36+00:00,active
260,David Dohan,@dmdohan,2026-07-07T18:51:07+00:00,active
48,David Duvenaud,@davidduvenaud,2026-07-02T18:09:37+00:00,active
816,David Hall,@dlwh,2026-06-30T18:27:06+00:00,active
1252,David Held,@davheld,2026-03-18T13:09:54+00:00,active
2173,David Jurgens is now on BlueSky only,@david__jurgens,2024-11-15T04:15:27+00:00,active
2625,David Kelley,@drklly,2026-05-13T16:58:52+00:00,active
212,David Krueger 🦥 ⏸️ ⏹️ ⏪,@davidskrueger,2026-07-10T22:48:43+00:00,active
349,David Luan,@jluan,2026-05-28T22:32:29+00:00,active
1743,David Manheim,@davidmanheim,2026-07-10T11:43:14+00:00,active
783,David Mimno,@dmimno,2024-10-01T19:24:22+00:00,active
184,David Pfau,@pfau,2026-07-11T12:13:26+00:00,active
955,david rein,@idavidrein,2026-07-10T19:18:02+00:00,active
197,David Sacks,@davidsacks,2026-07-11T07:09:38+00:00,active
1365,David Schnurr,@_dschnurr,2026-04-16T18:06:03+00:00,active
1704,David Singleton,@dps,2026-07-09T14:46:39+00:00,active
389,David Sontag,@david_sontag,2025-03-27T14:52:46+00:00,active
1064,David Sussillo,@sussillodavid,2026-06-14T18:04:36+00:00,active
743,davidad 🎇,@davidad,2026-06-25T17:56:03+00:00,active
725,Davis Blalock,@davisblalock,2026-07-09T03:09:50+00:00,active
358,Dawn Song,@dawnsongtweets,2026-07-10T12:01:48+00:00,active
1547,dax,@thdxr,2026-07-11T05:47:51+00:00,active
1637,Dean W. Ball,@deanwball,2026-07-11T06:24:47+00:00,active
311,Deb Raji,@rajiinio,2026-06-12T06:36:23+00:00,active
279,Deedy,@deedydas,2026-07-11T04:20:38+00:00,active
290,Deepak Pathak,@pathak2206,2026-06-11T16:00:35+00:00,active
1477,Deli Chen,@victor207755822,2026-06-17T14:52:31+00:00,active
119,Delip Rao e/σ,@deliprao,2026-07-10T22:04:56+00:00,active
719,Demi Guo,@demi_guo_,2026-07-06T23:05:04+00:00,active
36,Demis Hassabis,@demishassabis,2026-07-09T21:47:18+00:00,active
1084,Denis Yarats,@denisyarats,2026-04-16T19:55:43+00:00,active
201,Denny Zhou,@denny_zhou,2026-07-10T17:23:39+00:00,active
2190,Desmond Elliott,@delliott,2026-07-04T08:30:04+00:00,active
808,Devendra Chaplot,@dchaplot,2026-07-08T23:10:07+00:00,active
177,Devi Parikh,@deviparikh,2026-07-09T16:39:34+00:00,active
1037,Devin Guillory,@databoydg,2026-05-21T22:06:07+00:00,active
2741,dex,@dexhorthy,2026-07-11T07:11:42+00:00,active
285,Dhruv Batra,@dhruvbatra_,2026-07-10T17:32:30+00:00,active
910,Dhruv Shah,@shahdhruv_,2026-06-17T21:50:53+00:00,active
1132,Diana Cai,@dianarycai,2026-07-10T02:37:51+00:00,active
1214,Dibya Ghosh,@its_dibya,2025-04-13T18:40:29+00:00,active
2076,Dieuwke Hupkes,@_dieuwke_,2025-08-21T08:09:08+00:00,active
792,Dileep George,@dileeplearning,2026-06-28T01:43:12+00:00,active
2689,Dillon Mulroy,@dillon_mulroy,2026-07-11T05:44:25+00:00,active
1320,Dima Damen,@dimadamen,2026-07-10T10:27:36+00:00,active
222,Dimitris Papailiopoulos,@dimitrispapail,2026-07-11T10:27:45+00:00,active
1107,Dinghuai Zhang 张鼎怀,@zdhnarsil,2026-07-11T02:02:20+00:00,active
477,Dipanjan Das,@dipanjand,2026-04-20T17:55:56+00:00,active
2881,Div Garg,@divgarg,2026-07-10T19:31:32+00:00,active
1272,Divy Thakkar,@divy93t,2026-07-07T08:49:06+00:00,active
2051,Divya Siddarth,@divyasiddarth,2026-07-02T17:51:15+00:00,active
125,Diyi Yang,@diyi_yang,2026-07-10T20:47:20+00:00,active
1502,DJ Strouse,@djstrouse,2026-04-02T18:04:01+00:00,active
1933,Dmitry (Dima) Lepikhin,@lepikhin,2025-12-19T01:26:13+00:00,active
2747,Dmitry Lyalin,@lyalindotcom,2026-07-11T02:21:13+00:00,active
1675,Dmytro Mishkin 🇺🇦,@ducha_aiki,2026-07-04T14:35:29+00:00,active
2669,dominik kundel,@dkundel,2026-07-11T04:05:32+00:00,active
2766,Dominique Paul,@dominiquecapaul,2026-07-10T14:03:18+00:00,active
1730,doomslide,@doomslide,2026-07-11T12:22:10+00:00,active
1756,Doris Tsao,@doristsao,2026-07-02T12:56:46+00:00,active
406,Dorsa Sadigh,@dorsasadigh,2026-07-09T02:28:40+00:00,active
327,Douglas Eck,@douglas_eck,2026-06-24T16:46:22+00:00,active
252,Douwe Kiela,@douwekiela,2026-04-23T15:13:59+00:00,active
2379,Dr Alan D. Thompson,@dralandthompson,2026-07-09T21:24:16+00:00,active
2296,Dr Heidy Khlaaf (هايدي خلاف),@heidykhlaaf,2026-07-08T13:00:07+00:00,active
518,Dr. Joy Buolamwini,@jovialjoy,2024-10-22T12:42:01+00:00,active
1234,Dr. Karen Ullrich,@karen_ullrich,2026-04-15T05:14:18+00:00,active
1595,Dr. Roman Yampolskiy,@romanyam,2026-07-06T16:02:21+00:00,active
2590,Drew Breunig,@dbreunig,2026-07-10T21:45:42+00:00,active
2137,Drew Jaegle,@drew_jaegle,2026-03-03T17:37:59+00:00,active
258,Dumitru Erhan,@doomie,2026-07-04T00:46:38+00:00,active
53,Durk Kingma,@dpkingma,2026-02-28T09:30:17+00:00,active
2376,Dustin Podell,@dustin_podell,2026-06-06T23:45:00+00:00,active
82,Dustin Tran,@dustinvtran,2026-07-10T00:23:26+00:00,active
66,Dwarkesh Patel,@dwarkesh_sp,2026-07-11T00:35:51+00:00,active
949,Dylan Foster 🐢,@canondetortugas,2026-07-05T11:18:25+00:00,active
313,Dylan HadfieldMenell,@dhadfieldmenell,2026-07-11T04:42:25+00:00,active
179,Dylan Patel,@dylan522p,2026-07-11T00:37:38+00:00,active
1796,Dylan Scandinaro,@dylanscandinaro,2026-02-03T21:57:12+00:00,active
1458,echen,@echen,2026-07-10T16:25:38+00:00,active
2615,Ed Bayes,@edbayes,2026-07-10T06:47:20+00:00,active
529,Ed H. Chi,@edchi,2026-07-09T01:50:13+00:00,active
1897,Edouard Grave,@exgrv,2025-02-06T17:40:58+00:00,active
77,Edward Grefenstette,@egrefen,2026-07-09T13:13:37+00:00,active
2118,Edward Hu,@edwardjhu,2026-04-10T15:08:25+00:00,active
1905,Edward Hughes,@edwardfhughes,2026-07-04T18:36:02+00:00,active
1166,Edward Z. Yang,@ezyang,2026-07-10T02:19:41+00:00,active
1486,Ege Erdil,@egeerdil2,2026-06-20T10:21:04+00:00,active
2412,EigenGender 🔸,@eigengender,2026-07-11T03:07:20+00:00,active
1896,Ekdeep Singh Lubana,@ekdeepl,2026-07-10T14:02:27+00:00,active
963,Ekin Akyürek,@akyurekekin,2026-07-10T21:39:36+00:00,active
1067,Ekin Dogus Cubuk,@ekindogus,2026-07-08T14:16:44+00:00,active
114,Elad Gil,@eladgil,2026-07-09T17:32:14+00:00,active
393,Elad Hazan,@hazanprinceton,2026-07-11T09:04:27+00:00,active
2061,Eleni Triantafillou,@eleni30fillou,2026-07-08T09:41:15+00:00,active
1763,Eli Lifland,@eli_lifland,2026-07-11T00:12:02+00:00,active
970,Elias Bareinboim,@eliasbareinboim,2026-07-07T10:33:26+00:00,active
1287,Elias Stengel-Eskin,@eliaseskin,2026-07-10T13:56:42+00:00,active
2339,elie,@eliebakouch,2026-07-11T10:12:35+00:00,active
348,Eliezer Yudkowsky ⏹️,@esyudkowsky,2026-06-12T02:24:58+00:00,active
1210,Elizabeth Barnes,@bethmaybarnes,2026-05-23T02:23:51+00:00,active
1337,Ellen Zhong,@zhongingalong,2026-07-08T15:37:47+00:00,active
58,Elon Musk,@elonmusk,2026-07-11T10:37:08+00:00,active
573,elon's CSAM machine,@jeffbigham,2024-11-03T20:01:52+00:00,active
1881,Elvis Dohmatob,@dohmatobelvis,2026-05-15T17:32:20+00:00,active
176,Emad,@emostaque,2026-07-10T14:28:42+00:00,active
2193,Emiel Hoogeboom,@emiel_hoogeboom,2026-05-20T16:29:23+00:00,active
1126,Emily Dinan,@em_dinan,2025-12-10T19:06:36+00:00,active
2059,Emily Sands,@emilygsands,2026-07-09T13:51:36+00:00,active
356,Emma Brunskill,@emmabrunskill,2026-06-23T16:58:39+00:00,active
592,Emma Pierson,@2plus2make5,2026-07-07T19:51:27+00:00,active
2465,Emmanuel Ameisen,@mlpowered,2026-07-06T17:56:17+00:00,active
271,Emmett Shear,@eshear,2026-07-01T15:33:31+00:00,active
726,Emtiyaz Khan,@emtiyazkhan,2026-04-17T13:04:03+00:00,active
2023,Enrique Piqueras,@epiqueras1,2025-09-03T04:35:46+00:00,active
2203,Eoghan McCabe,@eoghan,2026-07-11T01:03:56+00:00,active
468,Eric,@ericmitchellai,2026-07-10T02:10:47+00:00,active
2727,Eric Allam,@maverickdotdev,2026-07-06T20:46:50+00:00,active
777,Eric Chu,@its_ericchu,2026-07-07T14:59:26+00:00,active
2496,Eric Hartford,@quixiai,2026-07-10T03:16:11+00:00,active
198,Eric Horvitz,@erichorvitz,2026-07-09T18:36:50+00:00,active
1435,Eric J. Michaud,@ericjmichaud_,2026-04-24T23:18:02+00:00,active
74,Eric Jang,@ericjang11,2026-07-11T06:05:39+00:00,active
253,Eric Schmidt,@ericschmidt,2026-07-09T18:56:26+00:00,active
2759,Eric Simons,@ericsimons,2026-07-08T05:36:55+00:00,active
1131,Eric Steinberger,@ericsteinb,2025-05-15T21:40:57+00:00,active
817,Eric Topol,@erictopol,2026-07-10T21:05:57+00:00,active
142,Eric Wallace,@eric_wallace_,2025-08-05T17:15:05+00:00,active
2080,Eric Xing,@ericxing,2026-07-10T06:03:15+00:00,active
1534,eric zakariasson,@ericzakariasson,2026-07-03T11:49:30+00:00,active
247,Eric Zelikman,@ericzelikman,2026-07-10T16:31:48+00:00,active
1263,Eric Zhang,@ekzhang1,2026-07-10T19:54:51+00:00,active
708,Erik Bernhardsson,@bernhardsson,2026-07-10T21:03:37+00:00,active
497,Erik Brynjolfsson,@erikbryn,2026-07-09T16:29:43+00:00,active
2784,Erika Alden DeBenedictis,@erika_alden_d,2026-06-25T16:52:35+00:00,active
527,Erin Grant,@ermgrant,2026-07-09T22:48:38+00:00,active
2522,Erin Price-Wright,@espricewright,2026-07-09T22:25:21+00:00,active
1745,Ernest Ryu,@ernestryu,2026-02-02T16:08:48+00:00,active
1056,Esin Durmus,@esindurmusnlp,2025-10-07T14:24:36+00:00,active
1753,Ethan,@torchcompiled,2026-07-11T02:02:20+00:00,active
921,Ethan Caballero,@ethancaballero,2026-06-27T13:18:00+00:00,active
2435,ethan ding 📊,@theethanding,2026-07-09T12:58:54+00:00,active
1560,Ethan He,@ethanhe_42,2026-06-01T07:44:23+00:00,active
189,Ethan Mollick,@emollick,2026-07-11T06:02:48+00:00,active
156,Ethan Perez,@ethanjperez,2026-07-09T19:10:11+00:00,active
2916,Ethan Wang,@wsvn53,2026-07-09T11:55:12+00:00,active
315,Eugene Vinitsky 🦋,@eugenevinitsky,2026-06-24T12:08:00+00:00,active
1673,Eugene Yan,@eugeneyan,2026-07-01T18:02:21+00:00,active
1698,Eugenia Kuyda,@ekuyda,2026-07-10T16:06:04+00:00,active
265,Eunsol Choi,@eunsolc,2026-04-29T01:52:31+00:00,active
751,evan conrad,@evanjconrad,2026-07-09T15:22:58+00:00,active
571,Evan Hubinger,@evanhub,2026-07-06T01:23:18+00:00,active
758,Evan Morikawa,@e0m,2026-06-04T16:16:09+00:00,active
1861,Evgenii Nikishin,@nikishin_evg,2026-06-24T20:34:16+00:00,active
2596,fabian,@fabianstelzer,2026-07-11T11:43:55+00:00,active
1221,Fabian Pedregosa,@fpedregosa,2026-07-07T07:29:06+00:00,active
2062,Fabio Petroni,@fabio_petroni,2025-10-19T08:45:01+00:00,active
1174,Faeze Brahman,@faeze_brh,2026-07-08T17:13:51+00:00,active
2391,Far El,@far__el,2026-06-17T07:52:18+00:00,active
2650,fatih kadir akın,@fkadev,2026-07-11T12:13:28+00:00,active
1348,Fei Liu,@feiliu_nlp,2025-12-15T15:57:46+00:00,active
1982,Fei Sha,@feishaai,2026-06-01T10:51:06+00:00,active
769,Fei Xia,@xf1280,2026-07-09T16:07:13+00:00,active
18,Fei-Fei Li,@drfeifei,2026-07-06T21:32:55+00:00,active
2545,Felfel,@felfel,2026-07-10T13:05:43+00:00,active
1553,Felipe Such,@felipesuch,2025-09-17T19:22:45+00:00,active
2995,Felix @ ICML 2026 🇰🇷,@felix_red_panda,2026-07-06T03:11:51+00:00,active
139,Ferenc Huszár,@fhuszar,2026-06-18T04:29:15+00:00,active
1838,Fereshte Khani,@fereshte_khani,2026-03-25T00:15:28+00:00,active
1119,Fernando Diaz,@841io,2026-07-02T15:29:35+00:00,active
418,Feryal,@feryalmp,2026-07-07T08:06:28+00:00,active
452,Fidji Simo,@fidjissimo,2026-07-10T16:02:16+00:00,active
664,finbarr,@finbarrtimbers,2026-07-09T13:45:06+00:00,active
2517,Fleetwood,@fleetwood___,2026-07-06T13:52:00+00:00,active
867,Flo Crivello,@altimor,2026-07-10T21:24:21+00:00,active
2996,Flora Salim,@flosalim,2026-06-08T00:52:30+00:00,active
1455,Florian Brand,@xeophon,2026-07-11T08:00:53+00:00,active
1943,Florian Shkurti,@florian_shkurti,2026-05-14T14:50:33+00:00,active
1406,Florian Tramèr,@florian_tramer,2026-06-30T09:59:05+00:00,active
1508,fofr,@fofrai,2026-07-10T18:13:11+00:00,active
2158,fouad,@fouadmatin,2026-06-02T01:02:55+00:00,active
2010,Francesco Locatello,@francescolocat8,2026-07-08T13:17:32+00:00,active
1990,Francesco Orabona,@bremen79,2026-07-10T06:05:32+00:00,active
282,Francis Bach,@bachfrancis,2026-03-24T08:55:54+00:00,active
810,Frank Dellaert,@fdellaert,2026-06-24T09:38:45+00:00,active
1830,Frank Hu,@hexiang,2026-07-10T21:55:31+00:00,active
1789,Frank Hutter,@frankrhutter,2026-05-12T12:12:14+00:00,active
1642,Frank Nielsen,@frnknlsn,2026-07-11T09:55:59+00:00,active
2835,Frank Noe,@franknoeberlin,2026-07-10T08:14:54+00:00,active
83,François Chollet,@fchollet,2026-07-10T18:19:17+00:00,active
578,François Fleuret,@francoisfleuret,2026-07-11T10:50:31+00:00,active
2439,Fred Zhang,@fredzhang0,2026-07-09T15:24:06+00:00,active
805,Freda Shi,@fredahshi,2026-07-11T10:37:06+00:00,active
435,Furong Huang,@furongh,2026-07-10T07:59:51+00:00,active
1276,Fuzhao Xue (Frio),@xuefz,2026-05-25T22:07:21+00:00,active
599,gabriel,@gabriel1,2026-07-11T08:55:55+00:00,active
1961,Gabriel Barth-Maron,@gbarthmaron,2026-05-29T17:43:56+00:00,active
1976,Gabriel Dulac-Arnold,@gabepsilon,2026-07-07T16:14:47+00:00,active
716,Gabriel Goh,@gabeeegoooh,2026-06-19T19:12:44+00:00,active
2611,Gabriel Peal,@gpeal8,2026-05-17T20:30:20+00:00,active
1606,Gabriel Peyré,@gabrielpeyre,2026-06-16T06:37:23+00:00,active
489,Gabriel Synnaeve,@syhw,2026-07-09T23:10:56+00:00,active
2401,Gabriele Berton,@gabriberton,2026-07-09T17:05:37+00:00,active
1302,Gael Varoquaux 🦋,@gaelvaroquaux,2026-07-10T17:33:03+00:00,active
126,Garry Tan,@garrytan,2026-07-11T07:26:05+00:00,active
183,Gary Marcus,@garymarcus,2026-07-11T12:13:30+00:00,active
202,Gautam Kamath,@thegautamkamath,2026-07-11T12:05:53+00:00,active
450,Gavin Baker,@gavinsbaker,2026-07-08T19:46:48+00:00,active
2253,gavin leech (Non-Reasoning),@gleech,2026-07-11T10:19:04+00:00,active
2935,Gavin Uberti,@ubertigavin,2026-06-30T15:51:19+00:00,active
2096,Gašper Beguš,@begusgasper,2026-07-09T21:35:22+00:00,active
2409,Ge Zhang,@gezhang86038849,2026-07-08T14:25:37+00:00,active
2637,geoff,@geoffreyhuntley,2026-07-10T22:24:54+00:00,active
16,Geoffrey Hinton,@geoffreyhinton,2026-06-28T16:30:25+00:00,active
420,Geoffrey Irving,@geoffreyirving,2026-07-08T09:42:54+00:00,active
1451,Geoffrey Litt,@geoffreylitt,2026-07-10T23:06:30+00:00,active
2170,George E. Dahl,@georgeedahl,2025-03-11T00:59:05+00:00,active
911,Georges Harik,@gharik,2026-07-11T03:02:36+00:00,active
825,Georgi Gerganov,@ggerganov,2026-07-09T14:46:13+00:00,active
1394,Georgia Chalvatzaki,@georgiachal,2026-06-07T06:48:59+00:00,active
662,Georgia Gkioxari,@georgiagkioxari,2026-06-05T17:11:30+00:00,active
600,Gergely Neu,@neu_rips,2026-07-05T15:02:43+00:00,active
1069,Gergely Orosz,@gergelyorosz,2026-07-11T12:22:20+00:00,active
1465,Giambattista 'Gb' Parascandolo,@giambattista92,2024-11-15T02:03:26+00:00,active
737,Gill Verdon,@gillverd,2026-07-08T07:44:42+00:00,active
1381,Gilles Louppe,@glouppe,2024-11-20T13:31:07+00:00,active
1322,Gillian Hadfield,@ghadfield,2026-07-10T21:15:02+00:00,active
2166,Gintare Karolina Dziugaite,@gkdziugaite,2026-07-09T12:49:03+00:00,active
1938,girish sastry,@girishsastry,2026-07-09T20:40:06+00:00,active
1090,Gokul Swamy,@g_k_swamy,2026-07-08T19:27:52+00:00,active
1744,Gowthami,@gowthami_s,2026-07-10T06:44:13+00:00,active
2751,Grace Yun,@jueungraceyun,2026-07-10T15:49:42+00:00,active
2424,Grad,@grad62304977,2026-07-09T05:39:56+00:00,active
1509,Grady Booch,@grady_booch,2026-07-08T05:39:36+00:00,active
95,Graham Neubig,@gneubig,2026-07-10T10:40:45+00:00,active
39,Greg Brockman,@gdb,2026-07-11T07:27:35+00:00,active
2842,Greg Diamos,@gregorydiamos,2026-07-08T14:39:34+00:00,active
228,Greg Durrett,@gregd_nlp,2026-07-06T15:36:02+00:00,active
1145,Greg Kamradt,@gregkamradt,2026-07-10T22:01:58+00:00,active
236,Greg Yang,@thegregyang,2026-06-28T21:57:46+00:00,active
2771,Gregor Zunic,@gregpr07,2026-07-10T19:07:52+00:00,active
2265,Gretchen Krueger,@gretchenmarina,2025-10-30T00:58:14+00:00,active
1398,Grzegorz Chrupała 🇪🇺🇺🇦,@gchrupala,2024-10-08T12:15:58+00:00,active
1818,Guangxuan Xiao,@guangxuan_xiao,2026-07-11T05:01:48+00:00,active
1352,Guanya Shi,@guanyashi,2026-07-08T22:50:43+00:00,active
2790,Guido Appenzeller,@appenz,2026-07-10T19:16:13+00:00,active
2277,Guido van Rossum,@gvanrossum,2026-05-27T02:31:23+00:00,active
255,Guillaume Lample @ NeurIPS 2024,@guillaumelample,2026-07-08T14:12:13+00:00,active
403,Guillermo Rauch,@rauchg,2026-07-10T16:15:01+00:00,active
636,Guodong Zhang,@guodzh,2026-07-10T16:40:30+00:00,active
1178,Guy Van den Broeck,@guyvdb,2026-07-07T02:21:30+00:00,active
1349,Hadi Salman,@hadisalmanx,2026-07-09T18:04:45+00:00,active
796,Hailey Schoelkopf,@haileysch__,2026-02-28T04:32:23+00:00,active
65,Hal Daumé III,@haldaume3,2026-03-19T12:41:24+00:00,active
2525,Hamel Husain,@hamelhusain,2026-07-11T00:19:01+00:00,active
1922,Hamish Ivison @ ICML,@hamishivi,2026-07-06T10:57:16+00:00,active
804,Han Guo,@hanguo97,2026-07-11T03:25:24+00:00,active
1160,Han Zhao,@hanzhao_ml,2026-06-10T16:19:10+00:00,active
439,Hanie Sedghi,@haniesedghi,2026-06-24T19:46:19+00:00,active
257,Hanna Hajishirzi,@hannahajishirzi,2026-06-02T20:03:04+00:00,active
161,Hanna Wallach (@hannawallach.bsky.social),@hannawallach,2026-01-29T23:25:13+00:00,active
1186,Hannah Rose Kirk,@hannahrosekirk,2026-06-17T17:30:43+00:00,active
1296,Hannah Sheahan,@hannahsheahan,2026-06-16T19:36:56+00:00,active
1163,Hao Liu,@haoliuhl,2025-09-04T05:59:32+00:00,active
1294,Hao Su,@haosu_twitr,2024-11-14T18:03:12+00:00,active
2011,Hao Zhang,@haozhangml,2026-07-10T01:30:37+00:00,active
1437,Hao Zhu,@_hao_zhu,2026-07-05T15:46:28+00:00,active
1298,Haotian Liu,@imhaotian,2026-07-08T07:39:17+00:00,active
25,hardmaru,@hardmaru,2026-07-11T10:09:38+00:00,active
699,Harrison Chase,@hwchase17,2026-07-11T03:53:48+00:00,active
1604,Harrison Kinsley,@sentdex,2026-07-10T17:21:20+00:00,active
1710,harryshum,@harryshum,2026-02-11T13:57:39+00:00,active
1607,Hassan,@nutlope,2026-07-11T01:42:58+00:00,active
593,hattie,@oh_that_hat,2026-06-24T20:43:22+00:00,active
2764,Hayden Bleasel,@haydenbleasel,2026-07-11T06:00:34+00:00,active
1309,Haydn Belfield,@haydnbelfield,2026-07-11T11:40:01+00:00,active
277,He He,@hhexiy,2026-04-23T18:14:49+00:00,active
709,heiner,@heinrichkuttler,2026-07-10T11:33:43+00:00,active
605,Helen Toner,@hlntnr,2026-07-11T02:10:57+00:00,active
2711,Hemant Mohapatra,@mohapatrahemant,2026-07-09T11:23:35+00:00,active
2947,Herumb Shandilya 🦀,@krypticmouse,2026-06-18T20:20:01+00:00,active
2600,hidecloud,@hidecloud,2026-07-11T10:23:37+00:00,active
1801,Hidenori Tanaka,@hidenori8tanaka,2026-07-06T20:03:20+00:00,active
891,Hieu Pham,@hyhieu226,2026-07-11T00:37:04+00:00,active
2262,Hiroshi Lockheimer,@lockheimer,2026-02-26T16:52:33+00:00,active
623,Honglak Lee,@honglaklee,2025-12-31T08:07:00+00:00,active
511,Hongyu Ren,@ren_hongyu,2026-07-09T18:19:40+00:00,active
204,Horace He,@chhillee,2026-06-12T06:45:26+00:00,active
642,Hossein Mobahi,@thegradient,2026-07-09T07:30:39+00:00,active
2514,Hrishi,@hrishioa,2026-07-07T05:17:04+00:00,active
2375,Huajian Xin,@huajian_xin,2026-07-06T06:43:06+00:00,active
1048,Huan Sun @ICML2026,@hhsun1,2026-07-11T06:10:10+00:00,active
2008,Huaxiu Yao,@huaxiuyaoml,2026-07-05T05:49:04+00:00,active
1089,Hugh Zhang,@hughbzhang,2026-06-29T15:24:37+00:00,active
1600,Hugo Barra,@hbarra,2026-03-23T20:04:42+00:00,active
29,Hugo Larochelle,@hugo_larochelle,2026-07-11T00:10:41+00:00,active
2020,hunter,@hunterlightman,2025-08-09T00:37:05+00:00,active
444,Hyung Won Chung,@hwchung27,2026-07-09T16:46:10+00:00,active
1556,Iain Dunning,@iaindunning,2026-07-09T07:15:50+00:00,active
621,Iain Murray,@driainmurray,2025-05-03T08:41:08+00:00,active
2255,ian,@shaoruu,2026-07-08T18:07:28+00:00,active
2819,Ian Cairns,@cairns,2026-06-10T21:07:10+00:00,active
15,Ian Goodfellow,@goodfellow_ian,2026-06-23T20:54:49+00:00,active
2162,Ian Hogarth,@soundboy,2026-07-10T14:58:34+00:00,active
2755,Ian Nuttall,@iannuttall,2026-03-25T11:27:16+00:00,active
386,Ian Osband,@ianosband,2026-06-24T08:35:48+00:00,active
1029,Ian Tenney (@iftenney@sigmoid.social),@iftenney,2025-07-18T17:16:33+00:00,active
915,Iason Gabriel,@iasongabriel,2026-07-07T11:49:55+00:00,active
2102,Ida Momennejad,@criticalneuro,2026-06-17T15:57:28+00:00,active
137,Igor Babuschkin,@ibab,2026-07-10T16:36:57+00:00,active
632,Igor Mordatch,@imordatch,2025-12-11T17:31:13+00:00,active
1874,ilge,@ilge,2026-03-14T05:28:22+00:00,active
880,Ilya Kostrikov,@ikostrikov,2024-12-13T23:09:03+00:00,active
14,Ilya Sutskever,@ilyasut,2026-07-05T00:42:24+00:00,active
1638,Imran Chaudhri,@imranchaudhri,2024-12-05T00:14:41+00:00,active
2999,interstellarninja,@intrstllrninja,2026-06-10T05:00:11+00:00,active
1390,Ioannis Mitliagkas (Γιάννης Μητλιάγκας),@bouzoukipunks,2026-03-18T14:47:30+00:00,active
1061,Ion Stoica,@istoica05,2026-07-10T05:05:50+00:00,active
590,Irene Chen,@irenetrampoline,2026-04-17T19:32:00+00:00,active
1241,Irene Solaiman,@irenesolaiman,2026-07-07T06:32:51+00:00,active
1110,Irina Rish,@irinarish,2026-07-11T00:13:57+00:00,active
336,Irwan Bello,@irwanbello,2025-12-02T02:05:45+00:00,active
537,Isa Fulford,@isafulf,2026-05-06T05:12:30+00:00,active
2649,Isaac Kohane,@zakkohane,2026-07-10T15:43:46+00:00,active
2259,Isabel Papadimitriou,@isabelpapad,2026-06-09T22:49:18+00:00,active
538,Isabelle Augenstein,@iaugenstein,2026-05-22T11:38:02+00:00,active
1526,Isaiah Taylor - making nuclear reactors,@isaiah_p_taylor,2026-07-11T03:28:42+00:00,active
2830,Ishaan,@ishaan_jaff,2026-07-09T23:03:56+00:00,active
1329,Ishaan Gulrajani,@__ishaan,2024-10-21T17:24:56+00:00,active
1787,Ishan Misra,@imisra_,2026-07-09T16:46:38+00:00,active
1446,ivan,@ivanvendrov,2026-06-22T21:05:38+00:00,active
2949,Ivan Fioravanti ᯅ,@ivanfioravanti,2026-07-11T12:35:26+00:00,active
507,Ivan Titov,@iatitov,2026-07-07T09:34:56+00:00,active
1563,Ivan Zhang,@1vnzh,2026-07-07T14:45:58+00:00,active
1959,Iz Beltagy,@i_beltagy,2026-07-06T21:02:39+00:00,active
251,jack,@jack,2026-07-10T18:40:00+00:00,active
51,Jack Clark,@jackclarksf,2026-07-02T21:12:55+00:00,active
562,Jack Hessel,@jmhessel,2025-08-05T18:42:57+00:00,active
2187,Jack Lindsey,@jack_w_lindsey,2026-07-08T15:34:08+00:00,active
283,Jack Morris,@jxmnop,2026-07-09T03:46:57+00:00,active
775,Jack Parker-Holder,@jparkerholder,2026-07-10T21:20:45+00:00,active
195,Jack Rae,@jack_w_rae,2026-07-09T14:19:45+00:00,active
1794,Jackson Kernion,@jacksonkernion,2026-05-31T02:24:21+00:00,active
1781,Jacky Liang,@jackyliang42,2026-02-19T16:55:46+00:00,active
42,Jacob Andreas,@jacobandreas,2026-07-09T18:12:25+00:00,active
763,Jacob Austin,@jacobaustin132,2026-01-02T20:39:39+00:00,active
1038,Jacob Buckman,@jacobmbuckman,2026-03-20T17:42:25+00:00,active
2981,Jacob Effron,@jacobeffron,2026-07-09T18:30:55+00:00,active
284,Jacob Eisenstein,@jacobeisenstein,2025-07-09T04:43:25+00:00,active
2160,Jacob Hilton,@jacobhhilton,2026-06-04T16:21:28+00:00,active
1093,Jacob Jackson,@jbfja,2026-07-08T23:05:46+00:00,active
2521,Jacob Lee,@hacubu,2026-07-11T00:59:07+00:00,active
1952,Jacob Pfau,@jacob_pfau,2026-07-10T12:07:05+00:00,active
186,Jacob Steinhardt,@jacobsteinhardt,2026-07-09T17:50:51+00:00,active
1973,Jaehoon Lee,@hoonkp,2026-02-28T20:17:33+00:00,active
1812,Jaime Sevilla,@jsevillamol,2026-07-10T23:12:45+00:00,active
1661,Jake,@justjake,2026-07-10T18:38:39+00:00,active
128,Jakob Foerster,@j_foerst,2026-07-09T13:59:22+00:00,active
267,Jakub Pachocki,@merettm,2026-06-08T21:09:17+00:00,active
2191,Jakub Tomczak,@jmtomczak,2025-05-06T19:33:04+00:00,active
2330,James An,@jamesjyan117153,2024-12-19T20:21:16+00:00,active
138,James Bradbury,@jekbradbury,2026-07-09T20:24:13+00:00,active
512,James Campbell,@jam3scampbell,2026-07-10T14:34:22+00:00,active
2587,James Wang,@draecomino,2026-07-10T01:03:37+00:00,active
754,James Zou,@james_y_zou,2026-07-10T00:24:30+00:00,active
2489,Jamin Ball,@jaminball,2026-07-10T15:25:03+00:00,active
46,Jan Leike,@janleike,2026-05-08T17:48:04+00:00,active
1200,Jan Peters,@jan_r_peters,2026-07-07T08:25:17+00:00,active
1910,Jan-Willem van de Meent,@jwvdm,2026-07-09T10:38:21+00:00,active
215,Jane Wang,@janexwang,2025-12-11T10:58:18+00:00,active
1301,Jared Friedman,@snowmaker,2026-07-10T22:24:14+00:00,active
2544,Jared Zoneraich,@imjaredz,2026-07-10T20:35:54+00:00,active
2205,Jarred Sumner,@jarredsumner,2026-07-09T19:54:34+00:00,active
151,Jascha Sohl-Dickstein,@jaschasd,2026-02-28T02:37:50+00:00,active
953,jasmine collins,@jazco,2026-03-10T19:45:49+00:00,active
1476,jasmine sun,@jasminewsun,2026-07-08T15:43:28+00:00,active
1127,Jasmine Wang,@j_asminewang,2026-07-09T16:31:09+00:00,active
2357,jason,@agikoala,2025-06-29T04:51:02+00:00,active
767,jason,@jxnlco,2026-07-11T05:48:01+00:00,active
250,Jason Baldridge,@jasonbaldridge,2026-07-09T19:05:34+00:00,active
1857,Jason Dean,@jasonrdean,2026-07-07T20:32:06+00:00,active
2285,Jason Del Rey,@delrey,2026-07-07T01:59:52+00:00,active
274,Jason Eisner,@adveisner,2025-12-16T06:02:35+00:00,active
481,Jason Kwon,@jasonkwon,2026-07-11T06:04:39+00:00,active
117,Jason Lee,@jasondeanlee,2026-07-11T08:50:14+00:00,active
1622,Jason Ma,@jasonma2020,2026-05-31T17:50:44+00:00,active
2132,Jason Peng,@xbpeng4,2026-07-10T22:52:45+00:00,active
826,Jason Phang,@zhansheng,2026-07-06T14:22:53+00:00,active
54,Jason Wei,@_jasonwei,2026-07-09T19:24:35+00:00,active
152,Jason Weston,@jaseweston,2026-07-09T15:47:04+00:00,active
1539,Jason Wolfe,@w01fe,2026-07-10T06:59:53+00:00,active
795,Jason Yosinski,@jasonyo,2025-12-03T18:54:22+00:00,active
678,Jasper,@latentjasper,2025-04-25T02:32:59+00:00,active
2813,javi,@javi,2026-07-11T05:41:18+00:00,active
900,Jay Alammar,@jayalammar,2026-07-07T15:12:49+00:00,active
2165,Jay Hack,@mathemagic1an,2026-07-11T08:08:59+00:00,active
1931,JB Alayrac,@jalayrac,2025-12-18T23:53:46+00:00,active
791,Jeannette Bohg,@leto__jean,2026-07-01T23:08:36+00:00,active
170,Jeff Bezos,@jeffbezos,2026-07-09T23:36:32+00:00,active
145,Jeff Clune,@jeffclune,2026-07-09T20:57:38+00:00,active
12,Jeff Dean,@jeffdean,2026-07-09T15:32:36+00:00,active
1855,Jeff Harris,@jeffintime,2026-07-10T20:55:56+00:00,active
1391,Jeff Huber,@jeffreyhuber,2026-07-09T21:10:17+00:00,active
2754,Jeff Weinstein,@jeff_weinstein,2026-07-10T22:57:53+00:00,active
2043,Jeffrey Ding,@jjding99,2026-07-06T14:11:26+00:00,active
2041,Jeffrey Heer,@jeffrey_heer,2024-10-15T18:17:53+00:00,active
1274,Jeffrey Ladish,@jeffladish,2026-07-11T06:27:38+00:00,active
2427,Jeffrey Wang (@ICML!),@jeffreygwang,2026-07-07T00:25:14+00:00,active
629,Jelani Nelson,@minilek,2026-07-09T02:14:58+00:00,active
2373,Jenia Jitsev 🏳️‍🌈 🇺🇦 🇮🇱 🇮🇷,@jjitsev,2026-07-11T06:37:19+00:00,active
472,Jenn Wortman Vaughan,@jennwvaughan,2026-04-13T17:48:00+00:00,active
1792,Jenny Zhang,@jennyzhangzt,2026-07-07T20:59:43+00:00,active
897,Jeremy Bernstein,@jxbz,2026-05-12T01:53:11+00:00,active
879,Jeremy Cohen,@deepcohen,2026-06-12T19:29:33+00:00,active
96,Jeremy Howard,@jeremyphoward,2026-06-28T05:25:18+00:00,active
3061,Jeremy Nguyen ✍🏼 🚢,@jeremynguyenphd,2026-07-11T10:26:20+00:00,active
1111,Jeremy Nixon - Automating AI Research,@jvnixon,2026-07-08T19:06:09+00:00,active
908,Jerry Liu,@jerryjliu0,2026-07-10T03:05:28+00:00,active
143,Jerry Tworek,@millionint,2026-07-07T16:59:44+00:00,active
1269,Jerry Wei,@jerryweiai,2026-03-06T17:37:24+00:00,active
2098,Jess Whittlestone,@jesswhittles,2026-04-27T15:06:02+00:00,active
394,Jesse Dodge,@jessedodge,2026-07-09T19:01:10+00:00,active
1170,Jesse Engel,@jesseengel,2026-06-05T20:03:57+00:00,active
1666,Jesse Lyu,@jesselyu,2026-07-11T01:23:50+00:00,active
1368,Jesse Michael Han,@jessemhan,2026-07-03T20:17:54+00:00,active
434,Jesse Mu,@jayelmnop,2026-07-06T20:30:09+00:00,active
588,Jesse Thomason,@_jessethomason_,2026-07-08T00:04:55+00:00,active
2194,jessica dai,@jessicadai_,2026-07-07T05:17:51+00:00,active
1774,Jessica Hullman,@jessicahullman,2026-07-10T16:52:56+00:00,active
866,Jessy Li,@jessyjli,2026-07-06T18:51:29+00:00,active
850,Jessy Lin,@realjessylin,2026-07-04T01:16:09+00:00,active
1305,Ji Lin,@jilin_14,2026-07-09T16:10:20+00:00,active
325,Jia-Bin Huang,@jbhuang0604,2026-07-03T00:34:32+00:00,active
666,Jiahui Yu,@jhyuxm,2026-07-09T16:17:41+00:00,active
331,Jiajun Wu,@jiajunwu_cs,2026-07-10T20:37:46+00:00,active
567,Jiaming Song,@baaadas,2026-07-11T03:40:41+00:00,active
2298,jianlin.su,@jianlin_s,2026-07-06T02:23:13+00:00,active
1985,Jiao Sun,@sunjiao123sun_,2026-07-07T04:04:02+00:00,active
696,Jiatao Gu,@thoma_gu,2026-07-09T23:30:06+00:00,active
2055,Jiaxin Shi,@thjashin,2026-07-09T19:02:01+00:00,active
2106,Jiaxin Wen,@jiaxinwen22,2026-07-09T18:09:29+00:00,active
943,Jiayi Pan,@jiayi_pirate,2026-07-09T15:06:23+00:00,active
1713,Jie Huang,@jefffhj,2026-07-08T23:47:18+00:00,active
1211,Jieyu Zhao,@jieyuzhao11,2026-06-24T08:56:45+00:00,active
72,Jim Fan,@drjimfan,2026-07-01T15:12:14+00:00,active
1463,Jim Keller,@jimkxa,2026-07-04T20:30:38+00:00,active
532,Jimmy Ba,@jimmybajimmyba,2026-02-11T00:05:00+00:00,active
2498,Jimmy Koppel,@jimmykoppel,2026-07-11T12:29:18+00:00,active
861,Jimmy Lin,@lintool,2026-07-10T04:21:11+00:00,active
1136,Jing Yu Koh,@kohjingyu,2026-07-10T03:05:16+00:00,active
2374,Jingxiang Sun,@jingxiangsun42,2026-07-08T17:19:23+00:00,active
957,Jitendra MALIK,@jitendramalikcv,2026-06-19T00:04:12+00:00,active
286,Joanne Jang,@joannejang,2026-07-03T14:46:58+00:00,active
1800,Joaquin Quiñonero Candela,@jquinonero,2026-05-03T20:08:53+00:00,active
1079,Joe Carlsmith,@jkcarlsmith,2026-05-11T20:40:42+00:00,active
1966,Joe Fenton,@joefenton,2026-07-08T14:13:00+00:00,active
1837,Joel Becker,@joel_bkr,2026-06-24T16:52:06+00:00,active
1466,Joel Lehman,@joelbot3000,2026-03-13T05:49:59+00:00,active
1917,Joel Z Leibo,@jzl86,2026-07-09T00:23:02+00:00,active
249,Joelle Pineau,@jpineau1,2026-06-15T18:19:39+00:00,active
1283,Joey Gonzalez,@profjoeyg,2026-07-08T05:55:07+00:00,active
2468,Johannes Hagemann,@johannes_hage,2026-07-10T22:33:01+00:00,active
1433,Johannes Heidecke,@joheidecke,2026-03-05T19:44:27+00:00,active
102,John Carmack,@id_aa_carmack,2026-07-09T20:42:20+00:00,active
2469,John David Pressman,@jd_pressman,2026-06-20T16:30:39+00:00,active
1401,John Hallman,@johnohallman,2026-07-01T01:54:28+00:00,active
464,John Hewitt,@johnhewtt,2026-07-06T00:45:49+00:00,active
377,John Langford,@johnclangford,2026-07-05T20:30:57+00:00,active
1360,John Luttig,@absoluttig,2026-04-02T17:59:57+00:00,active
2025,John Maeda,@johnmaeda,2026-07-11T04:19:34+00:00,active
2266,John Myles White,@johnmyleswhite,2026-07-10T18:14:42+00:00,active
1500,John Nay,@johnjnay,2026-07-07T14:39:06+00:00,active
43,John Schulman,@johnschulman2,2026-07-10T17:16:26+00:00,active
2070,John Thickstun,@jwthickstun,2026-07-08T17:20:53+00:00,active
1172,John Yang,@jyangballin,2026-07-10T19:31:37+00:00,active
308,Jon Barron,@jon_barron,2026-07-09T20:37:09+00:00,active
2519,Jon Durbin,@jon_durbin,2026-07-10T22:08:26+00:00,active
1799,Jonas Adler,@jonasaadler,2025-11-25T18:24:58+00:00,active
1816,Jonas Geiping @ ICML,@jonasgeiping,2026-07-11T08:23:12+00:00,active
542,Jonathan Berant,@jonathanberant,2026-03-06T00:15:06+00:00,active
123,Jonathan Frankle,@jefrankle,2026-07-09T03:03:18+00:00,active
1407,Jonathan Gray,@jgrayatwork,2025-08-21T19:13:39+00:00,active
2063,Jonathan K. Kummerfeld,@jkkummerfeld,2026-01-12T03:46:25+00:00,active
1480,Jonathan Lachman,@jonlachman,2026-07-10T22:27:27+00:00,active
1422,Jonathan Richard Schwarz,@schwarzjn_,2026-07-09T12:11:57+00:00,active
1187,Jonathan Ross,@jonathanross321,2026-07-08T15:30:33+00:00,active
2487,Jonathan Whitaker,@johnowhitaker,2026-07-10T03:38:58+00:00,active
1206,Jong Wook Kim 💟,@_jongwook_kim,2026-06-10T15:35:04+00:00,active
1204,Joon Sung Park,@joon_s_pk,2026-07-10T15:53:25+00:00,active
1962,Joost van Amersfoort,@joost_v_amersf,2025-08-23T09:30:36+00:00,active
371,Jordan Boyd-Graber,@boydgraber,2026-07-11T00:23:34+00:00,active
2542,Jordan Jacobs,@jordanjacobs10,2026-07-09T12:28:44+00:00,active
2562,Jordi Ribas,@jordirib1,2026-07-07T16:44:49+00:00,active
733,Joscha Bach,@plinz,2026-07-09T16:33:50+00:00,active
1712,Joseph Redmon,@pjreddie,2026-07-08T20:27:01+00:00,active
1404,Joseph Suarez 🐡,@jsuarez,2026-07-09T18:12:13+00:00,active
1624,Josh Bersin,@josh_bersin,2026-06-08T16:34:54+00:00,active
1863,Josh McGrath,@j_mcgraph,2026-07-11T00:36:06+00:00,active
2953,Josh Meyer,@_josh_meyer_,2026-04-28T17:07:08+00:00,active
1237,Josh Miller,@joshm,2026-07-10T21:46:02+00:00,active
789,Josh Tobin,@josh_tobin_,2026-06-25T16:17:58+00:00,active
1157,Josh Woodward,@joshwoodward,2026-07-10T15:05:29+00:00,active
178,Joshua Achiam,@jachiam0,2026-07-11T08:46:38+00:00,active
1529,Joshua Meier,@joshim5,2026-06-04T14:16:40+00:00,active
1685,João Moura,@joaomdmoura,2026-07-09T16:00:05+00:00,active
329,Judea Pearl,@yudapearl,2026-07-11T10:58:49+00:00,active
2052,Judy Fan,@judyefan,2026-04-08T17:21:19+00:00,active
1981,Judy Hoffman,@judyfhoffman,2026-03-24T05:27:57+00:00,active
912,Judy Shen,@judyhshen,2026-07-08T04:55:40+00:00,active
1677,Julian,@mealreplacer,2026-07-06T20:43:40+00:00,active
1612,Julian Ibarz,@julianibarz,2026-06-24T06:05:47+00:00,active
848,Julian Michael,@_julianmichael_,2026-04-15T17:52:16+00:00,active
577,Julian Schrittwieser,@mononofu,2026-07-11T09:51:01+00:00,active
797,Julian Togelius,@togelius,2026-07-08T21:33:06+00:00,active
339,Julien Chaumond,@julien_c,2026-07-10T22:34:44+00:00,active
2018,Julius Adebayo,@juliusadml,2026-07-10T21:33:37+00:00,active
646,Jun-Yan Zhu,@junyanz89,2025-10-18T15:23:04+00:00,active
1194,Junjie Hu,@junjiehu12,2026-05-21T13:44:39+00:00,active
1782,Juntang Zhuang,@archanfel_anoth,2026-07-10T06:28:58+00:00,active
1797,Junxian He,@junxian_he,2026-07-09T14:28:32+00:00,active
330,Junyang Lin,@justinlin610,2026-07-03T10:49:58+00:00,active
266,Jure Leskovec,@jure,2026-07-06T15:00:00+00:00,active
437,Justin Johnson,@jcjohnss,2026-06-12T19:01:34+00:00,active
893,Justin Kan,@justinkan,2026-06-22T18:17:18+00:00,active
2046,Justin Solomon,@justinmsolomon,2026-05-12T22:52:18+00:00,active
1640,Justin Tunney,@jartine,2026-07-10T12:52:08+00:00,active
2599,Justin Uberti,@juberti,2026-07-11T03:21:13+00:00,active
793,Justine Moore,@venturetwins,2026-07-10T15:01:34+00:00,active
1929,jörn jacobsen,@jh_jacobsen,2024-11-28T13:14:48+00:00,active
92,Jürgen Schmidhuber,@schmidhuberai,2026-07-09T15:57:13+00:00,active
675,j⧉nus,@repligate,2026-07-11T06:26:08+00:00,active
862,Kai,@kaicathyc,2025-09-25T16:46:45+00:00,active
701,Kai Arulkumaran,@kaixhin,2026-07-11T02:04:25+00:00,active
895,Kai-Fu Lee,@kaifulee,2026-07-07T21:46:17+00:00,active
332,Kai-Wei Chang,@kaiwei_chang,2026-07-04T16:04:43+00:00,active
2078,Kaitlyn Zhou,@kaitlynzhou,2026-07-01T20:28:06+00:00,active
2244,Kaiyu Yang,@kaiyuyang4,2026-03-13T01:51:12+00:00,active
2909,kalomaze,@kalomaze,2026-07-09T09:30:48+00:00,active
1052,Kalpesh Krishna,@kalpeshk2011,2024-10-22T14:18:00+00:00,active
1554,Kamal Ndousse,@kandouss,2026-05-19T04:30:54+00:00,active
429,Kamalika Chaudhuri,@kamalikac,2026-07-10T10:54:28+00:00,active
1873,Kamyar Azizzadenesheli,@azizzadenesheli,2026-07-07T19:39:37+00:00,active
1935,Kamyar Ghasemipour,@coolboi95,2026-07-07T16:58:49+00:00,active
1793,Kangwook Lee,@kangwook_lee,2026-07-11T00:09:21+00:00,active
703,Kanjun 🐙,@kanjun,2026-07-10T22:56:27+00:00,active
2446,Karan Dalal,@karansdalal,2026-01-12T18:03:00+00:00,active
971,Karan Goel,@krandiash,2026-07-11T10:43:20+00:00,active
1550,Karan Singhal,@thekaransinghal,2026-07-10T21:13:02+00:00,active
1749,Karel,@kareldoostrlnck,2026-06-19T22:32:24+00:00,active
2029,Karen Hao,@_karenhao,2026-06-10T08:08:12+00:00,active
270,Karina,@karinanguyen,2026-07-10T16:51:25+00:00,active
2109,Karl Cobbe,@karlcobbe,2024-09-12T17:13:50+00:00,active
1851,Karl Tuyls,@karl_tuyls,2026-06-11T15:23:06+00:00,active
583,Karol Hausman,@hausman_k,2026-04-20T17:13:16+00:00,active
658,Karthik Narasimhan,@karthik_r_n,2026-07-02T01:33:55+00:00,active
2612,Kasra,@kasrak,2026-07-01T17:57:24+00:00,active
323,Kate Crawford,@katecrawford,2025-02-11T16:05:24+00:00,active
940,Kate Saenko,@kate_saenko_,2026-04-11T17:46:18+00:00,active
1960,Katherine Hermann,@khermann_,2025-04-06T16:02:17+00:00,active
421,Katherine Lee is at NeurIPS!,@katherine1ee,2026-07-06T02:00:41+00:00,active
2684,Katia Gil Guzman,@kagigz,2026-07-11T00:09:37+00:00,active
1946,Katie Collins,@katie_m_collins,2026-04-01T15:54:16+00:00,active
1914,Katie Everett,@_katieeverett,2026-02-20T16:26:59+00:00,active
1428,Katie Kang,@katie_kang_,2026-06-24T22:19:35+00:00,active
1254,Katja Grace 🔍,@katjagrace,2026-07-10T22:02:19+00:00,active
776,Katja Hofmann,@katjahofmann,2026-07-08T20:57:06+00:00,active
433,Kawin Ethayarajh,@ethayarajh,2026-07-06T04:38:30+00:00,active
2019,Kaylee Burns,@kaylburns,2026-02-21T00:40:34+00:00,active
415,Kayo Yin,@kayo_yin,2026-07-09T19:47:12+00:00,active
2097,Ke Li 🍁,@kl_div,2026-06-05T08:02:30+00:00,active
998,Keerthana Gopalakrishnan,@keerthanpg,2026-06-16T19:24:45+00:00,active
2597,Keiji Kanazawa,@gojira,2026-07-08T22:35:35+00:00,active
1491,Keiran Paster,@keirp1,2026-07-10T18:24:50+00:00,active
704,Keller Jordan,@kellerjordan0,2026-07-07T01:53:00+00:00,active
680,Kelvin Guu,@kelvin_guu,2025-05-20T19:32:10+00:00,active
1097,Kelvin Xu,@imkelvinxu,2026-07-09T17:32:52+00:00,active
509,Ken Goldberg,@ken_goldberg,2026-07-08T17:43:01+00:00,active
679,Kenneth Stanley,@kenneth0stanley,2026-07-08T15:28:15+00:00,active
1888,Keren Gu 🌱👩🏻‍💻,@kerengu,2025-08-08T00:10:24+00:00,active
2708,Kevin A. Bryan,@afinetheorem,2026-07-11T05:42:16+00:00,active
2485,Kevin Fischer,@kevinafischer,2026-05-29T12:56:06+00:00,active
1847,Kevin Frans,@kvfrans,2026-06-10T16:23:05+00:00,active
2659,Kevin Frazier,@kevintfrazier,2026-07-10T14:21:37+00:00,active
1714,Kevin Hou,@kevinhou22,2026-06-02T18:40:43+00:00,active
2781,Kevin Kern,@kevinkern,2026-07-10T13:18:01+00:00,active
1488,Kevin Kwok,@antimatter15,2026-06-21T01:07:51+00:00,active
1421,Kevin Liu (at ICML 2026),@kliu128,2026-07-10T06:50:18+00:00,active
887,Kevin Lu,@_kevinlu,2026-07-10T17:21:26+00:00,active
134,Kevin Patrick Murphy,@sirbayes,2026-06-27T00:59:46+00:00,active
1983,Kevin Scott,@kevin_scott,2025-01-23T22:57:19+00:00,active
909,Kevin Zakka,@kevin_zakka,2026-07-06T17:37:57+00:00,active
1892,khalid,@k_saifullaah,2026-06-16T15:00:00+00:00,active
1122,Kiana Ehsani,@ehsanik,2026-07-10T19:13:32+00:00,active
1109,Kianté Brantley,@xkianteb,2026-07-09T13:10:30+00:00,active
1700,Kieran Klaassen,@kieranklaassen,2026-07-10T23:33:35+00:00,active
3024,killian,@hellokillian,2026-05-28T17:31:10+00:00,active
1345,Kim Stachenfeld (neurokim.bsky.social),@neuro_kim,2026-06-19T11:03:26+00:00,active
1964,Kimin,@kimin_le2,2026-07-09T02:49:01+00:00,active
1770,Konstantin Mishchenko,@konstmish,2026-07-10T08:11:04+00:00,active
2441,Konstantin Schürholt,@k_schuerholt,2025-10-16T17:31:12+00:00,active
1282,Konstantinos Bousmalis,@bousmalis,2026-03-24T17:04:33+00:00,active
432,koray kavukcuoglu,@koraykv,2026-05-19T23:32:22+00:00,active
410,Kory Mathewson,@korymath,2026-07-10T14:34:55+00:00,active
906,Kosta Derpanis (sabbatical in Zurich),@csprofkgd,2026-07-11T12:11:17+00:00,active
1989,Kris Cao,@kroscoo,2026-07-11T12:02:23+00:00,active
1341,Kris Kitani,@kkitani,2025-11-26T17:37:32+00:00,active
1804,Kristian Kersting,@kerstingaiml,2026-07-10T19:50:37+00:00,active
407,Kristian Lum,@kldivergence,2026-03-31T17:50:08+00:00,active
2707,Ksenia Se,@kseniase_,2026-07-10T03:05:02+00:00,active
1256,Kuan Fang,@kuanfang,2026-06-24T16:52:12+00:00,active
1693,Kyle Corbitt,@corbtt,2026-07-10T21:10:47+00:00,active
553,Kyle Cranmer,@kylecranmer,2026-07-01T14:12:45+00:00,active
2163,Kyle Kastner,@kastnerkyle,2026-06-10T16:43:57+00:00,active
570,Kyle Lo @ ICML2026 🇰🇷,@kylelostat,2026-07-09T05:38:38+00:00,active
2568,Kyle Russell,@kylebrussell,2026-07-11T11:44:22+00:00,active
922,Kyle Vogt,@kvogt,2025-11-05T19:30:11+00:00,active
22,Kyunghyun Cho,@kchonyc,2026-07-11T09:54:13+00:00,active
461,Lachy Groom,@lachygroom,2026-05-21T16:08:23+00:00,active
1169,Lama Ahmad لمى احمد,@_lamaahmad,2026-07-08T18:10:18+00:00,active
2944,Lars Grammel,@lgrammel,2026-07-10T16:08:27+00:00,active
1971,Laura Graesser,@lgraesser3,2026-04-15T15:13:50+00:00,active
899,Laura Ruis,@lauraruis,2026-07-10T18:17:45+00:00,active
954,Laurens van der Maaten,@lvdmaaten,2025-08-06T21:50:52+00:00,active
528,Laurent Dinh,@laurent_dinh,2026-04-02T18:38:18+00:00,active
1430,Laurent Sifre,@laurentsifre,2025-11-17T14:09:43+00:00,active
2706,Lazarz,@laz4rz,2026-07-11T10:57:35+00:00,active
1728,Leandro von Werra,@lvwerra,2026-07-10T17:58:53+00:00,active
2782,Lee Robinson,@leerob,2026-07-10T22:02:58+00:00,active
1878,Lee Sharkey,@leedsharkey,2026-06-11T18:34:54+00:00,active
1065,Lei Li,@lileics,2026-07-10T02:54:23+00:00,active
2451,leloy!,@leloykun,2026-07-09T18:15:12+00:00,active
2246,Lena Voita,@lena_voita,2026-02-10T11:51:19+00:00,active
2072,Lenka Zdeborova,@zdeborova,2026-07-05T22:48:13+00:00,active
1354,Lennart Heim,@ohlennart,2026-07-10T18:07:26+00:00,active
774,Lenny Bogdonoff,@rememberlenny,2026-07-01T17:59:21+00:00,active
561,Leo Boytsov,@srchvrs,2026-07-10T18:04:25+00:00,active
470,Leo Gao,@nabla_theta,2026-07-10T10:25:05+00:00,active
1085,Leon Derczynski ⚒️☁️🏔️🌲,@leonderczynski,2026-07-10T17:29:29+00:00,active
1844,Leonard Tang,@leonardtang_,2026-07-08T18:12:51+00:00,active
203,Leopold Aschenbrenner,@leopoldasch,2025-10-08T20:19:20+00:00,active
750,Lerrel Pinto,@lerrelpinto,2026-07-10T22:44:00+00:00,active
986,Leshem (Legend) Choshen 🤖🤗 @ACL @ICML,@lchoshen,2026-07-09T13:27:25+00:00,active
2073,Lester Mackey,@lestermackey,2026-07-07T15:43:48+00:00,active
1444,Lewis Tunstall,@_lewtun,2026-06-25T08:12:28+00:00,active
752,Li Dong,@donglixp,2026-07-09T09:21:16+00:00,active
104,Liam Fedus,@liamfedus,2026-07-08T21:42:14+00:00,active
647,Lianhui Qin,@lianhuiq,2026-07-10T15:29:34+00:00,active
1103,Lianmin Zheng,@lm_zheng,2026-07-06T17:28:08+00:00,active
1913,Lihong Li,@lihongli20,2024-08-24T15:30:19+00:00,active
1924,Lila Tretikov,@lilatretikov,2026-07-07T11:08:45+00:00,active
1375,Lili Yu,@liliyu_lili,2026-05-11T22:02:10+00:00,active
32,Lilian Weng,@lilianweng,2026-07-07T05:58:07+00:00,active
1882,Lin Yang,@lyang36,2026-01-29T21:42:44+00:00,active
1519,Linden Li,@lindensli,2026-07-08T16:49:18+00:00,active
1987,Linus,@thesephist,2026-07-10T23:18:58+00:00,active
2107,Lisa Su,@lisasu,2026-07-06T17:50:06+00:00,active
1105,Lisan al Gaib,@scaling01,2026-07-11T01:49:31+00:00,active
1805,Liv,@livgorton,2026-07-08T18:39:02+00:00,active
1216,Liwei Jiang,@liweijianglw,2026-06-10T17:14:43+00:00,active
1523,Llion Jones,@yesthisislion,2026-07-10T15:28:29+00:00,active
939,Logan Graham,@logangraham,2026-06-09T20:05:45+00:00,active
106,Logan Kilpatrick,@officiallogank,2026-07-11T00:04:17+00:00,active
1762,Loubna Ben Allal,@loubnabenallal1,2026-06-11T14:09:39+00:00,active
1546,Louis Castricato @ lovecraftian horrors,@lcastricato,2026-07-01T00:54:13+00:00,active
1894,Louis Kirsch,@louiskirschai,2026-05-28T22:11:57+00:00,active
2775,Lovis Odin,@odinlovis,2026-07-11T05:35:27+00:00,active
1739,Lu Liu,@eliza_luth,2026-07-09T17:48:40+00:00,active
305,Luca Soldaini 🇰🇷 ICML 2026,@soldni,2026-07-08T01:02:41+00:00,active
78,Lucas Beyer (bl16),@giffmana,2026-07-11T08:23:19+00:00,active
522,Lucy Li,@lucy3_li,2026-07-09T21:26:15+00:00,active
441,Ludwig Schmidt,@lschmidt3,2026-06-25T04:14:13+00:00,active
1249,Luisa Zintgraf,@luisa_zintgraf,2025-12-02T17:21:02+00:00,active
2592,Lukas Biewald,@l2k,2026-06-26T14:07:22+00:00,active
723,Lukasz Kaiser,@lukaszkaiser,2026-07-10T20:57:26+00:00,active
2585,Luke Hoban,@lukehoban,2026-07-08T21:22:34+00:00,active
162,Luke Metz,@luke_metz,2025-02-18T18:45:51+00:00,active
1760,Luke Muehlhauser,@lukeprog,2026-07-09T18:05:45+00:00,active
2402,m_ric,@aymericroucher,2026-07-10T15:19:14+00:00,active
2431,Maarten Grootendorst,@maartengr,2026-06-10T16:22:59+00:00,active
391,Maarten Sap (he/him),@maartensap,2026-07-10T12:29:59+00:00,active
1501,Maddie Simens,@maddiesimens,2025-05-16T18:16:49+00:00,active
2628,Madhu Guru,@realmadhuguru,2026-07-09T15:38:02+00:00,active
2769,Magnus Müller,@mamagnus00,2026-07-09T22:14:45+00:00,active
2432,maharshi,@maharshii,2026-07-11T11:19:21+00:00,active
1321,Mahesh Sathiamoorthy,@madiator,2026-07-11T01:49:56+00:00,active
341,Maithra Raghu,@maithra_raghu,2026-07-10T01:37:12+00:00,active
1139,Maksym Andriushchenko @ ICML 🇰🇷,@maksym_andr,2026-07-11T08:29:52+00:00,active
2885,Malte Ubl,@cramforce,2026-07-10T20:30:42+00:00,active
1205,Mamoon Hamid,@mamoonha,2026-07-09T03:07:38+00:00,active
819,Manaal Faruqui,@manaalfar,2024-12-16T01:42:13+00:00,active
1031,Mandar Joshi,@mandarjoshi_,2025-02-11T23:18:04+00:00,active
1826,Mandi Zhao,@zhaomandi,2026-07-02T22:29:22+00:00,active
755,Manling Li,@manlingli_,2026-07-10T17:38:23+00:00,active
2512,Manuarii,@manuarii,2026-07-05T12:21:35+00:00,active
2327,Maor Shlomo,@maorshlomo,2026-07-09T13:47:22+00:00,active
317,Marc G. Bellemare,@marcgbellemare,2026-05-20T15:45:39+00:00,active
2810,Marc Klingen,@marcklingen,2026-07-11T12:19:26+00:00,active
717,Marco Mascorro @ ICML,@mascobot,2026-07-11T04:24:36+00:00,active
1834,Marcus Hutter,@mhutter42,2026-06-23T13:57:00+00:00,active
1975,Margaret Li,@margs_li,2026-05-18T12:43:50+00:00,active
1364,Maria Skoularidou (she/her),@skoularidou,2026-07-10T20:04:55+00:00,active
2176,Marine Carpuat,@marinecarpuat,2024-10-07T10:16:18+00:00,active
1895,Mario Lucic,@mariolucic_,2025-05-09T14:14:41+00:00,active
1140,Marius Hobbhahn,@mariushobbhahn,2026-07-10T19:16:16+00:00,active
1150,Mariya I. Vasileva 🛫 ICML 🇰🇷,@mariyaivasileva,2026-07-11T02:31:40+00:00,active
1124,Marjan Ghazvininejad,@gh_marjan,2026-07-09T03:53:44+00:00,active
107,Mark Chen,@markchen90,2026-07-08T05:16:06+00:00,active
829,Mark Dredze,@mdredze,2026-07-10T03:23:29+00:00,active
1936,Mark Goldstein,@marikgoldstein,2026-07-09T08:52:27+00:00,active
1393,Mark Neumann,@markneumannnn,2026-06-26T05:28:39+00:00,active
181,Mark Riedl,@mark_riedl,2025-12-16T14:13:39+00:00,active
1045,Mark Saroufim,@marksaroufim,2026-06-26T18:08:09+00:00,active
1506,Mark Tenenholtz,@marktenenholtz,2026-07-10T12:54:21+00:00,active
2057,Mark van der Wilk,@markvanderwilk,2025-11-27T22:19:10+00:00,active
2310,Mark Zuckerberg,@finkd,2026-07-09T16:35:12+00:00,active
1854,Markus Anderljung,@manderljung,2026-07-11T10:40:45+00:00,active
686,Markus Wulfmeier,@m_wulfmeier,2026-07-09T10:28:45+00:00,active
980,Marlos C. Machado,@marloscmachado,2026-07-07T20:42:21+00:00,active
2139,Marta Garnelo,@garnelomarta,2026-02-05T17:37:20+00:00,active
2966,Martin Signoux,@martinsignoux,2026-07-09T19:28:49+00:00,active
319,martin_casado,@martin_casado,2026-07-11T05:33:07+00:00,active
2576,Mat Velloso,@matvelloso,2026-07-10T16:21:17+00:00,active
2416,Matan Grinberg,@matansf,2026-07-10T22:39:39+00:00,active
442,Matei Zaharia,@matei_zaharia,2026-07-11T04:51:32+00:00,active
923,Mathieu Blondel,@mblondel_ml,2026-07-09T16:15:28+00:00,active
1775,Matt Bornstein,@bornsteinmatt,2026-06-26T05:33:51+00:00,active
2963,Matt Brockman,@badphilosopher,2026-07-10T19:19:29+00:00,active
2646,Matt Carey,@mattzcarey,2026-07-11T12:33:38+00:00,active
1328,Matt Clifford,@matthewclifford,2026-07-09T17:22:02+00:00,active
1356,Matt Deitke,@mattdeitke,2026-07-09T15:42:16+00:00,active
380,Matt Gardner,@nlpmattg,2025-12-02T14:08:38+00:00,active
996,Matt Henderson,@matthen2,2026-07-02T11:37:32+00:00,active
3072,Matt Holden,@holdenmatt,2026-07-09T23:07:23+00:00,active
2636,Matt Pocock,@mattpocockuk,2026-07-11T08:17:06+00:00,active
2572,Matt Rickard,@mattrickard,2026-07-10T19:27:50+00:00,active
692,Matt Shumer,@mattshumer_,2026-07-10T21:41:38+00:00,active
989,Matt Turck,@mattturck,2026-07-10T14:15:50+00:00,active
1517,Matthew Barnett,@matthewjbar,2026-07-05T03:23:16+00:00,active
1727,Matthew Honnibal,@honnibal,2026-04-02T08:32:36+00:00,active
1879,Matthew Leavitt,@leavittron,2026-07-05T20:38:13+00:00,active
1709,Matthew Lynley,@mattlynley,2026-07-08T22:39:35+00:00,active
2197,Matthew Prince 🌥,@eastdakota,2026-07-11T10:54:07+00:00,active
1195,Matthias Niessner,@mattniessner,2026-07-08T13:51:01+00:00,active
1908,Max Bartolo,@max_nlp,2026-07-07T10:16:30+00:00,active
2497,max drake,@max__drake,2026-07-10T15:15:53+00:00,active
2898,Max Howell,@mxcl,2026-07-10T18:05:15+00:00,active
299,Max Jaderberg,@maxjaderberg,2026-06-25T15:31:59+00:00,active
1043,Max Kleiman-Weiner,@maxhkw,2026-07-08T18:54:37+00:00,active
2138,Max Nadeau,@maxnadeau_,2026-07-06T21:28:15+00:00,active
2877,Max S. Bennett,@maxsbennett,2026-02-27T22:35:31+00:00,active
710,Max Schwarzer,@max_a_schwarzer,2026-07-06T18:01:44+00:00,active
634,Max Tegmark,@tegmark,2026-07-10T11:55:52+00:00,active
88,Max Welling,@wellingmax,2026-07-10T07:43:05+00:00,active
2460,Maxime Labonne,@maximelabonne,2026-07-11T11:21:11+00:00,active
1504,Maxwell Nye,@maxwell_nye,2026-07-10T07:09:11+00:00,active
2126,Mayee Chen ✈️ ICML 🇰🇷,@mayeechen,2026-07-06T20:38:28+00:00,active
2060,Meire Fortunato,@fortunatomeire,2025-09-04T13:23:23+00:00,active
306,Melanie Mitchell,@melmitchell1,2026-07-08T15:01:46+00:00,active
1159,Melvin Johnson,@melvinjohnsonp,2026-07-08T20:36:27+00:00,active
718,Mengdi Wang,@mengdiwang10,2026-07-11T03:07:29+00:00,active
924,Mengye Ren,@mengyer,2026-07-08T02:50:04+00:00,active
788,Mengzhou Xia,@xiamengzhou,2025-06-02T18:29:26+00:00,active
1376,Meredith Ringel Morris,@merrierm,2026-06-01T10:49:39+00:00,active
430,Meredith Whittaker,@mer__edith,2026-07-08T13:44:47+00:00,active
863,merve,@mervenoyann,2026-07-10T17:31:35+00:00,active
938,Micah Carroll,@micahcarroll,2026-07-09T17:06:51+00:00,active
870,Micah Goldblum,@micahgoldblum,2026-06-09T14:56:33+00:00,active
1683,michael abbott,@mabb0tt,2026-07-10T22:38:04+00:00,active
969,Michael Bernstein,@msbernst,2026-07-08T15:45:59+00:00,active
304,Michael Black,@michael_j_black,2026-07-06T15:02:34+00:00,active
207,Michael Bronstein,@mmbronstein,2026-07-11T11:37:47+00:00,active
1173,Michael Carbin,@mcarbin,2026-07-09T05:45:36+00:00,active
661,Michael Chang,@mmmbchang,2026-07-11T01:21:10+00:00,active
761,Michael Dell 🇺🇸,@michaeldell,2026-07-11T12:33:39+00:00,active
2075,Michael Dennis,@michaeld1729,2026-07-08T21:43:10+00:00,active
2723,Michael Feldstein,@msfeldstein,2026-07-04T01:23:23+00:00,active
1848,Michael Figurnov,@mfigurnov,2025-05-14T16:22:52+00:00,active
2069,Michael Kearns,@mkearnsupenn,2024-12-12T18:13:11+00:00,active
1615,Michael Levin,@drmichaellevin,2026-07-10T10:21:44+00:00,active
474,Michael Littman,@mlittmancs,2024-10-21T23:34:05+00:00,active
2493,Michael Royzen,@michaelroyzen,2026-05-06T22:19:28+00:00,active
1032,Michael Saxon,@m2saxon,2026-07-11T08:09:27+00:00,active
350,Michael Truell,@mntruell,2026-07-08T18:01:09+00:00,active
1916,Michael Zhang,@mzhangio,2026-07-10T00:33:29+00:00,active
584,Michal Valko ✈️ ICML 2026 from June 30th 🔥,@misovalko,2026-07-06T17:32:46+00:00,active
886,Michela Paganini,@wondermicky,2026-07-07T13:00:10+00:00,active
1543,Michele Catasta,@pirroh,2026-07-08T15:17:14+00:00,active
1891,Michele Wang,@michelelwang,2026-07-09T22:55:46+00:00,active
1162,Michelle Lee,@michellearning,2026-07-11T01:53:45+00:00,active
1066,Michelle Pokrass,@michpokrass,2026-06-21T22:24:33+00:00,active
1277,Michiel Bakker,@bakkermichiel,2026-07-10T15:54:41+00:00,active
1655,Miguel Piedrafita ✨,@m1guelpf,2026-07-09T18:34:06+00:00,active
1046,Mihaela Rosca,@mihaelacrosca,2025-03-25T20:44:08+00:00,active
1492,Mihir Patel,@mvpatel2000,2026-06-30T16:56:21+00:00,active
2554,Mike Conover,@vagabondjack,2025-08-05T20:37:17+00:00,active
871,Mike Knoop,@mikeknoop,2026-07-10T20:21:38+00:00,active
547,Mike Krieger,@mikeyk,2026-07-07T16:30:52+00:00,active
334,Mike Lewis,@ml_perception,2026-02-04T15:47:06+00:00,active
872,Mike Schroepfer,@schrep,2026-07-02T18:26:21+00:00,active
1286,Mike Speiser,@laserlikemike,2026-07-09T18:41:03+00:00,active
967,Mikel Artetxe,@artetxem,2026-07-10T18:09:52+00:00,active
2858,Mikey,@mikeyshulman,2026-06-09T19:59:56+00:00,active
2066,Mikhail Parakhin,@mparakhin,2026-07-10T09:56:10+00:00,active
63,Miles Brundage,@miles_brundage,2026-07-11T10:00:33+00:00,active
1456,Miles Cranmer,@milescranmer,2026-07-07T02:42:30+00:00,active
1965,Miles Turpin,@milesaturpin,2026-05-20T02:10:29+00:00,active
1827,Miles Wang,@mileskwang,2026-04-30T03:56:35+00:00,active
1033,Mina Lee,@minalee__,2025-12-29T20:37:45+00:00,active
1024,Ming-Wei Chang,@mchang21,2025-03-08T01:20:45+00:00,active
1417,Ming-Yu Liu,@liu_mingyu,2026-06-30T18:06:11+00:00,active
994,Minjoon Seo,@seo_minjoon,2026-02-27T00:59:37+00:00,active
1454,Minqi Jiang,@minqijiang,2026-06-08T01:39:32+00:00,active
52,Mira Murati,@miramurati,2026-07-10T16:40:00+00:00,active
2195,Miryam de Lhoneux/ @mdlhx.bsky.social,@mdlhx,2025-05-16T08:34:04+00:00,active
375,Misha Denil,@notmisha,2026-04-17T12:37:37+00:00,active
462,Misha Laskin,@mishalaskin,2026-03-30T19:57:14+00:00,active
2860,Mishig ᠮᠢᠰᠾᠢᠭ,@mishig25,2026-07-09T13:27:51+00:00,active
147,MMitchell,@mmitchell_ai,2026-07-10T20:35:22+00:00,active
422,Mo Bavarian,@mobav0,2026-06-24T20:33:46+00:00,active
764,Mohammad Norouzi,@mo_norouzi,2026-07-06T22:05:44+00:00,active
213,Mohit Bansal,@mohitban47,2026-07-07T02:49:34+00:00,active
322,Mohit Iyyer,@mohitiyyer,2026-06-18T16:34:34+00:00,active
1357,Mohit Shridhar,@mohito1905,2024-10-31T15:14:31+00:00,active
1229,Mor Geva,@megamor2,2026-07-09T00:59:57+00:00,active
366,Mostafa Dehghani,@m__dehghani,2026-06-25T02:47:24+00:00,active
2534,Mostafa Rohaninejad,@mostafarohani,2026-05-26T08:27:37+00:00,active
670,Moxie Marlinspike,@moxie,2026-06-05T15:08:59+00:00,active
1278,Mrinmaya Sachan,@mrinmayasachan,2025-07-30T20:05:59+00:00,active
782,Murray Shanahan,@mpshanahan,2026-07-08T07:06:51+00:00,active
182,Mustafa Suleyman,@mustafasuleyman,2026-07-09T08:13:15+00:00,active
1148,Myle Ott,@myleott,2026-07-01T01:32:39+00:00,active
1481,Nabeel Hyatt,@nabeel,2026-07-07T02:13:41+00:00,active
2245,Najoung Kim 🫠,@najoungkim,2026-07-10T07:46:53+00:00,active
246,Nal,@nalkalc,2025-02-20T11:34:01+00:00,active
1537,Naman Goyal,@namangoyal21,2025-07-15T17:29:02+00:00,active
1900,Naman Jain,@stringchaos,2026-07-08T21:07:32+00:00,active
860,Nan Jiang,@nanjiang_cs,2026-07-10T18:59:45+00:00,active
1023,Nan Rosemary Ke,@rosemary_ke,2025-12-06T07:29:26+00:00,active
30,Nando de Freitas,@nandodf,2026-07-09T12:40:18+00:00,active
240,Naomi Saphra,@nsaphra,2026-07-10T20:01:46+00:00,active
1181,Nasrin Mostafazadeh,@nasrinmmm,2026-03-24T14:33:28+00:00,active
69,Nat Friedman,@natfriedman,2025-07-03T08:03:30+00:00,active
454,Nat McAleese,@__nmca__,2026-07-09T05:39:17+00:00,active
865,Natalie Schluter,@natschluter,2025-01-31T10:31:43+00:00,active
1746,Nataniel Ruiz,@natanielruizg,2026-07-08T22:59:53+00:00,active
99,Natasha Jaques,@natashajaques,2026-07-07T18:25:45+00:00,active
2311,Nate Soares ⏹️,@so8res,2026-07-10T21:35:57+00:00,active
357,Nathan Benaich,@nathanbenaich,2026-07-11T11:24:40+00:00,active
86,Nathan Lambert,@natolambert,2026-07-06T23:29:05+00:00,active
831,Nathan Schneider,@complingy,2024-11-07T13:57:34+00:00,active
503,Naveen Rao,@naveengrao,2026-07-09T19:30:26+00:00,active
987,Nazneen Rajani ✈️ ICML 🇰🇷,@nazneenrajani,2026-07-11T05:06:10+00:00,active
1025,Neal Wu,@neal_wu,2026-05-27T23:12:19+00:00,active
259,Neel Nanda,@neelnanda5,2026-07-10T16:57:12+00:00,active
896,Negar Rostamzadeh,@negar_rz,2026-07-11T12:12:52+00:00,active
1420,Neil Chowdhury,@chowdhuryneil,2026-07-10T22:24:22+00:00,active
738,Neil Houlsby,@neilhoulsby,2026-02-28T08:07:23+00:00,active
167,Neil Lawrence,@lawrennd,2026-07-06T11:32:58+00:00,active
2941,Neil Zeghidour,@neilzegh,2026-07-10T21:52:49+00:00,active
1062,Nenad Tomasev,@weballergy,2026-07-11T01:25:56+00:00,active
2422,nerdai,@_nerdai_,2026-07-05T13:08:05+00:00,active
2622,nexxel,@nexxeln,2026-07-08T19:01:13+00:00,active
1082,Nicholas Tomlin,@nickatomlin,2026-05-27T20:39:49+00:00,active
457,Nick,@nickcammarata,2026-07-11T03:58:38+00:00,active
771,Nick Frosst,@nickfrosst,2026-07-07T20:58:46+00:00,active
2718,Nick Miller,@nickwm,2026-06-17T00:11:23+00:00,active
674,Nick Turley,@nickaturley,2026-05-06T08:09:11+00:00,active
2722,Nico Albanese,@nicoalbanese10,2026-06-26T15:38:16+00:00,active
563,Nicolas Papernot,@nicolaspapernot,2026-07-09T12:24:02+00:00,active
2569,Nicolas Patry,@narsilou,2026-06-27T10:23:33+00:00,active
2859,Nicole Zhu 👋,@freelerobot,2026-07-10T11:22:43+00:00,active
1146,Nika Haghtalab,@nhaghtal,2026-07-09T08:19:53+00:00,active
1426,Nikhil Thorat,@nsthorat,2026-07-06T19:19:30+00:00,active
579,niki parmar,@nikiparmar09,2026-06-09T21:38:12+00:00,active
794,Niklas Muennighoff,@muennighoff,2026-07-08T18:49:26+00:00,active
291,Niloofar ✈️ icml,@niloofar_mire,2026-07-11T01:09:31+00:00,active
1258,Nils Reimers,@nils_reimers,2026-07-08T11:10:44+00:00,active
2660,Nimrod Gutman,@theguti,2026-07-09T18:34:31+00:00,active
2395,nin,@nin_artificial,2026-01-12T22:26:13+00:00,active
1281,Niranjan,@b_niranjan,2025-11-13T00:44:30+00:00,active
2917,Nirav Patel,@cmonkey,2026-04-30T04:33:39+00:00,active
1240,Nitarshan,@nitarshan,2026-07-10T15:46:54+00:00,active
1512,Nitish,@strongduality,2024-09-12T17:58:56+00:00,active
1825,Noah MacCallum,@noahmacca,2026-07-09T19:45:01+00:00,active
931,Noah Snavely,@jimantha,2026-06-05T21:11:40+00:00,active
478,noahdgoodman,@noahdgoodman,2026-07-10T16:41:25+00:00,active
49,Noam Brown,@polynoamial,2026-07-10T18:26:49+00:00,active
287,Noam Shazeer,@noamshazeer,2026-06-18T00:15:48+00:00,active
1026,Nora Belrose,@norabelrose,2025-10-24T06:40:18+00:00,active
2147,nostalgebraist,@nostalgebraist,2026-07-09T17:45:03+00:00,active
799,Nouha Dziri,@nouhadziri,2026-07-10T18:09:08+00:00,active
1901,Oana-Maria Camburu,@oanacamb,2026-07-01T17:53:17+00:00,active
681,Ofir Nachum,@ofirnachum,2024-08-20T15:14:11+00:00,active
84,Ofir Press,@ofirpress,2026-07-09T16:01:45+00:00,active
2189,Oliver Cameron,@olivercameron,2026-07-08T18:50:08+00:00,active
1777,Oliver Habryka,@ohabryka,2026-07-09T16:24:32+00:00,active
1493,Olivia Moore,@omooretweets,2026-07-10T21:12:10+00:00,active
1142,Olivier Bachem,@olivierbachem,2026-07-07T14:02:10+00:00,active
1220,Olivier Bousquet,@obousquet,2026-04-02T21:08:56+00:00,active
988,Olivier Grisel,@ogrisel,2024-09-06T13:33:43+00:00,active
1885,Olivier Hénaff,@olivierhenaff,2026-04-20T09:27:55+00:00,active
205,Omar Khattab,@lateinteraction,2026-07-11T03:40:34+00:00,active
890,Omar Sanseviero 🇫🇷 @RAISE Paris,@osanseviero,2026-07-09T14:25:18+00:00,active
1128,Orhan Firat,@orf_bnw,2026-06-28T19:53:13+00:00,active
17,Oriol Vinyals,@oriolvinyalsml,2026-06-26T18:34:48+00:00,active
2351,Ostris,@ostrisai,2026-07-09T18:31:13+00:00,active
359,Owain Evans,@owainevans_uk,2026-07-08T04:10:16+00:00,active
510,Pablo Samuel Castro,@pcastr,2026-07-11T01:09:53+00:00,active
248,Palmer Luckey,@palmerluckey,2026-07-09T04:18:04+00:00,active
1316,Pan Lu @ ICML 2026,@lupantech,2026-07-05T01:14:50+00:00,active
312,Pang Wei Koh,@pangweikoh,2026-06-03T04:47:36+00:00,active
1602,Panos Panay,@panos_panay,2026-07-02T21:19:39+00:00,active
901,Parag Agrawal,@paraga,2026-06-24T16:21:14+00:00,active
2579,Paras Jain,@parasjain,2026-07-01T03:01:44+00:00,active
2129,pash,@pashmerepat,2026-07-11T01:07:39+00:00,active
715,Pasquale Minervini,@pminervini,2026-07-10T13:20:29+00:00,active
925,Pat Grady,@gradypb,2026-07-10T19:26:42+00:00,active
2479,Patrick Esser,@pess_r,2026-03-11T13:16:57+00:00,active
449,Patrick Hsu,@pdhsu,2026-07-10T17:20:38+00:00,active
2125,Patrick Kidger,@patrickkidger,2026-07-05T08:12:02+00:00,active
748,Patrick Lewis,@psh_lewis,2024-09-06T09:02:49+00:00,active
2767,Patrick Loeber,@patloeber,2026-07-06T12:48:18+00:00,active
1387,Patrick Shafto,@patrickshafto,2026-07-10T04:00:22+00:00,active
2093,Paul Daugherty,@pauldaugh,2024-12-17T16:49:36+00:00,active
606,Paul Liang,@pliang279,2026-04-25T19:54:24+00:00,active
1967,Paul Vicol,@paulvicol,2026-03-10T17:55:25+00:00,active
428,Pavel Izmailov,@pavel_izmailov,2026-06-26T16:11:35+00:00,active
1236,Pedro A. Ortega,@adaptiveagents,2026-06-07T20:06:43+00:00,active
836,Pedro Domingos,@pmddomingos,2026-07-11T04:42:00+00:00,active
770,Peng Qi,@qi2peng2,2026-07-09T19:00:05+00:00,active
1824,Pengfei Liu,@stefan_fee,2026-04-17T01:09:40+00:00,active
31,Percy Liang,@percyliang,2026-07-09T04:59:33+00:00,active
648,Petar Veličković,@petarv_93,2026-07-10T09:23:56+00:00,active
1343,Pete Florence,@peteflorence,2026-06-09T02:10:40+00:00,active
1474,Pete Warden,@petewarden,2026-02-02T18:07:11+00:00,active
484,Peter Battaglia,@peterwbattaglia,2025-11-17T15:15:20+00:00,active
2186,Peter Chen,@peterxichen,2026-07-10T23:27:18+00:00,active
838,Peter Hase,@peterbhase,2026-06-23T14:28:15+00:00,active
617,Peter Henderson,@peterhndrsn,2026-07-11T01:15:52+00:00,active
1411,Peter Lee,@peteratmsr,2026-07-09T19:37:10+00:00,active
1757,Peter Richtarik,@peter_richtarik,2026-07-10T09:34:43+00:00,active
385,Peter Steinberger 🦞,@steipete,2026-07-11T08:08:07+00:00,active
1408,Peter Stone,@peterstone_tx,2026-07-07T02:53:11+00:00,active
1634,Peter Wang 🦋,@pwang,2026-07-10T11:38:25+00:00,active
289,Peter Welinder,@npew,2026-07-10T19:16:31+00:00,active
2103,Peter West,@peterwesttm,2026-06-12T20:33:40+00:00,active
1659,Peter Wildeford🇺🇸🚀,@peterwildeford,2026-07-10T15:35:44+00:00,active
321,Peyman Milanfar,@docmilanfar,2026-07-11T04:16:32+00:00,active
1528,Phil Chen,@philhchen,2026-07-10T23:02:23+00:00,active
2091,Philip E. Tetlock,@ptetlock,2026-07-10T11:41:16+00:00,active
2304,Philip Resnik,@psresnik,2025-12-23T19:49:08+00:00,active
3045,Philip Tannor,@philiptannor,2026-01-05T14:55:43+00:00,active
1261,Philipp Schmid,@_philschmid,2026-07-10T15:01:25+00:00,active
168,Phillip Isola,@phillip_isola,2026-07-07T23:17:15+00:00,active
2577,Pierce Boggan,@pierceboggan,2026-07-10T18:43:18+00:00,active
995,Pierre Sermanet,@psermanet,2026-07-07T15:16:15+00:00,active
2122,Pierre-Luc Bacon,@pierrelux,2026-07-09T00:14:06+00:00,active
1180,Pierre-Yves Oudeyer,@pyoudeyer,2026-04-01T10:21:22+00:00,active
28,Pieter Abbeel,@pabbeel,2026-07-10T18:39:57+00:00,active
1344,Pietro Schirano,@skirano,2026-07-10T20:04:58+00:00,active
822,Pliny the Liberator 🐉󠅫󠄼󠄿󠅆󠄵󠄐󠅀󠄼󠄹󠄾󠅉󠅭,@elder_plinius,2026-07-10T18:02:17+00:00,active
2067,Polina Kirichenko,@polkirichenko,2026-07-06T22:38:23+00:00,active
1219,Pradeep Dasigi,@pdasigi,2026-03-16T18:04:23+00:00,active
324,Prafulla Dhariwal,@prafdhar,2025-07-19T08:27:14+00:00,active
1676,Pranav Rajpurkar,@pranavrajpurkar,2025-11-26T15:31:16+00:00,active
1373,Pranav Shyam,@recurseparadox,2026-07-09T03:03:19+00:00,active
1347,Prateek Jain,@jainprateek_,2026-06-11T05:00:52+00:00,active
1877,Pratyush Maini,@pratyushmaini,2026-07-08T17:20:13+00:00,active
974,Pratyusha Sharma,@pratyusha_ps,2026-05-18T20:23:54+00:00,active
404,Preetum Nakkiran,@preetumnakkiran,2026-07-07T00:55:28+00:00,active
427,Prithviraj (Raj) Ammanabrolu,@rajammanabrolu,2026-07-09T19:53:04+00:00,active
1817,Priya L. Donti,@priyald17,2026-07-06T22:24:25+00:00,active
275,Prof. Anima Anandkumar,@animaanandkumar,2026-07-10T19:13:31+00:00,active
440,Pulkit Agrawal,@pulkitology,2026-06-02T08:54:10+00:00,active
378,Pushmeet Kohli,@pushmeet,2026-07-11T07:58:27+00:00,active
2394,Q,@qtnx_,2026-07-05T19:22:50+00:00,active
2058,Qi Lei,@qi_lei_,2026-04-27T13:51:16+00:00,active
1074,Qian Huang,@qhwang3,2026-07-09T16:43:10+00:00,active
1386,Qinyuan Ye,@qinyuan_ye,2026-04-28T02:17:54+00:00,active
2507,Quan Nguyen,@stablequan,2026-06-25T17:44:33+00:00,active
368,Quanquan Gu,@quanquangu,2026-07-07T02:43:47+00:00,active
2442,Quentin Anthony,@quentinanthon15,2026-05-29T20:23:58+00:00,active
1340,Quentin Berthet,@qberthet,2026-06-30T23:22:04+00:00,active
2647,Quinn Slack,@sqs,2026-07-11T11:50:29+00:00,active
3059,Quintin Pope,@quintinpope5,2026-07-09T22:03:29+00:00,active
41,Quoc Le,@quocleix,2026-02-25T16:23:36+00:00,active
1532,rachel lim,@_rlys,2026-06-12T22:35:58+00:00,active
978,Rachel Rudinger,@rachelrudinger,2026-07-06T18:18:14+00:00,active
298,Rachel Thomas,@math_rachel,2026-06-28T03:35:07+00:00,active
677,Rada Mihalcea,@radamihalcea,2026-07-09T23:23:18+00:00,active
2887,Radamés Ajna,@radamar,2026-06-26T22:47:55+00:00,active
540,Rafael Rafailov @ NeurIPS,@rm_rafailov,2026-03-29T14:26:57+00:00,active
627,rahul,@0interestrates,2026-07-11T12:30:20+00:00,active
273,raia hadsell,@raiahadsell,2026-06-24T10:06:48+00:00,active
3019,Raja Koduri,@rajaxg,2026-07-02T12:56:05+00:00,active
1551,Rajat Monga,@rajatmonga,2026-01-10T05:31:38+00:00,active
2791,Rajko Radovanović,@rajko_rad,2026-06-14T03:33:12+00:00,active
964,Ranjay Krishna,@ranjaykrishna,2026-07-01T18:03:31+00:00,active
395,rapha,@rapha_gl,2026-07-06T22:15:34+00:00,active
2482,Raphaël Millière @ ICML 2026,@raphaelmilliere,2026-07-10T08:23:50+00:00,active
475,Raquel Urtasun,@raquelurtasun,2026-06-03T14:46:47+00:00,active
1333,raulpuri.eth,@therealrpuri,2025-11-17T02:47:11+00:00,active
742,Ravid Shwartz Ziv,@ziv_ravid,2026-07-10T21:30:06+00:00,active
2477,Raza Habib,@razrazcle,2026-07-09T23:54:03+00:00,active
1718,Reed Albergotti,@reedalbergotti,2026-06-26T22:39:14+00:00,active
173,Reid Hoffman,@reidhoffman,2026-07-09T17:45:42+00:00,active
1224,Reiichiro Nakano,@reiinakano,2026-07-09T18:57:41+00:00,active
981,Reiner Pope,@reinerpope,2026-05-31T20:15:37+00:00,active
1689,Remi Cadene,@remicadene,2026-07-11T10:05:52+00:00,active
1656,Reza Zadeh,@reza_zadeh,2026-07-10T23:01:14+00:00,active
815,Rianne van den Berg,@vdbergrianne,2026-06-03T11:14:48+00:00,active
367,Richard Ngo,@richardmcngo,2026-07-10T02:05:14+00:00,active
55,Richard Socher,@richardsocher,2026-07-07T11:29:04+00:00,active
124,Richard Sutton,@richardssutton,2026-07-02T16:22:06+00:00,active
2251,Richard Zhang,@rzhang88,2026-07-06T18:57:04+00:00,active
729,Ricky T. Q. Chen,@rickytqchen,2026-07-10T18:01:14+00:00,active
2030,Riley Walz,@rtwlz,2026-07-09T15:29:00+00:00,active
223,Rishabh Agarwal,@agarwl_,2026-07-11T01:20:08+00:00,active
2538,Rishabh Srivastava,@rishdotblog,2026-07-09T08:21:19+00:00,active
237,rishi @ ICML,@rishibommasani,2026-07-10T22:02:21+00:00,active
1015,Rivers Have Wings,@rivershavewings,2024-08-03T23:05:16+00:00,active
928,Rob Fergus,@rob_fergus,2025-05-08T15:33:18+00:00,active
2039,rob tibshirani,@robtibshirani,2025-12-11T18:50:27+00:00,active
1632,Rob Wiblin,@robertwiblin,2026-07-01T13:48:16+00:00,active
2748,Robert,@skull8888888888,2026-07-10T15:25:20+00:00,active
1939,Robert Dadashi,@robdadashi,2026-04-03T13:28:18+00:00,active
1751,Robert Lange,@roberttlange,2026-07-06T07:28:04+00:00,active
1242,Robert Long,@rgblong,2026-07-10T06:11:31+00:00,active
812,Robert Nishihara,@robertnishihara,2026-07-07T20:04:16+00:00,active
476,Roberta Raileanu,@robertarail,2026-07-09T23:29:13+00:00,active
376,Robin Jia,@robinomial,2026-07-10T23:30:17+00:00,active
849,Robin Rombach,@robrombach,2026-06-18T18:57:39+00:00,active
659,Rodney Brooks,@rodneyabrooks,2026-07-07T05:12:09+00:00,active
93,Roger Grosse,@rogergrosse,2026-02-28T17:51:31+00:00,active
2171,Roger Levy,@roger_p_levy,2024-11-08T15:40:18+00:00,active
108,rohan anil,@_arohan_,2026-07-11T01:13:40+00:00,active
362,Rohan Pandey,@khoomeik,2026-07-07T20:59:49+00:00,active
2798,Rohan Sahai,@rohanjamin,2026-06-23T17:25:34+00:00,active
1311,Rohan Taori,@rtaori13,2024-11-02T17:38:06+00:00,active
773,Rohin Shah,@rohinmshah,2026-06-22T16:32:59+00:00,active
1207,rohit,@krishnanrohit,2026-07-11T05:27:52+00:00,active
1100,Roma Patel,@996roma,2025-12-01T19:38:58+00:00,active
643,Romain Huet,@romainhuet,2026-07-11T05:16:56+00:00,active
50,roon,@tszzl,2026-07-11T08:47:21+00:00,active
1366,Roozbeh Mottaghi,@roozbehmottaghi,2026-06-27T18:11:56+00:00,active
164,Rosanne Liu,@savvyrl,2026-07-03T03:14:15+00:00,active
1014,Rose,@rose_e_wang,2026-07-08T17:55:09+00:00,active
651,Rose Yu,@yuqirose,2026-07-04T22:14:07+00:00,active
1144,Rosie Campbell,@rosiecampbell,2026-07-11T02:29:16+00:00,active
823,Ross,@rpoo,2026-05-23T06:39:39+00:00,active
2204,Ross Girshick,@inkynumbers,2026-02-25T00:03:00+00:00,active
844,Ross Taylor,@rosstaylor90,2026-06-30T13:51:12+00:00,active
1063,Ross Wightman,@wightmanr,2026-07-10T16:15:48+00:00,active
194,Rowan Zellers,@rown,2026-07-10T16:54:42+00:00,active
1388,Roy Frostig,@froystig,2025-03-07T00:15:55+00:00,active
760,Roy Schwartz,@royschwartznlp,2026-07-09T06:15:50+00:00,active
1218,Rui Shu,@_smileyball,2026-01-29T08:28:54+00:00,active
1243,Rui Zhang,@ruizhang_nlp,2026-02-03T18:07:45+00:00,active
1903,Ruibo Liu,@ruiboliu,2026-06-03T21:16:35+00:00,active
741,Ruiqi Gao,@ruiqigao,2026-07-09T22:40:16+00:00,active
488,Ruiqi Zhong,@zhongruiqi,2026-07-10T17:22:31+00:00,active
1245,Rulin Shao,@rulinshao,2026-07-10T15:46:20+00:00,active
1445,Ruoming Pang,@ruomingpang,2026-01-30T22:07:11+00:00,active
37,Russ Salakhutdinov,@rsalakhu,2026-07-10T20:11:03+00:00,active
697,Russell Kaplan,@russelljkaplan,2026-06-20T19:15:51+00:00,active
112,Ryan Adams,@ryan_p_adams,2024-10-09T20:49:08+00:00,active
2348,Ryan Greenblatt,@ryangreenblatt,2026-07-10T23:29:16+00:00,active
1518,Ryan Greene,@rabrg,2026-05-25T00:26:53+00:00,active
2642,Ryan Lopopolo,@_lopopolo,2026-07-08T22:04:39+00:00,active
548,Ryan Lowe,@ryan_t_lowe,2026-07-10T21:47:47+00:00,active
536,Rylan Schaeffer,@rylanschaeffer,2026-07-10T18:18:54+00:00,active
1450,Ryo Lu,@ryolu_,2026-07-08T20:21:20+00:00,active
2985,Rémi 🌳,@remilouf,2026-07-11T10:22:18+00:00,active
790,Sabrina J. Mielke,@sjmielke,2026-02-04T14:49:45+00:00,active
2565,Sachin Katti,@sk7037,2026-07-06T15:19:21+00:00,active
2196,Sadhika Malladi,@sadhikamalladi,2026-06-30T16:57:35+00:00,active
2124,Saffron Huang,@saffronhuang,2026-06-10T20:10:10+00:00,active
172,Saining Xie,@sainingxie,2026-07-06T02:15:11+00:00,active
21,Sam Altman,@sama,2026-07-10T19:55:52+00:00,active
35,Sam Bowman,@sleepinyourhat,2026-07-07T00:58:09+00:00,active
2284,Sam Gershman,@gershbrain,2024-11-05T13:38:57+00:00,active
1441,sam mcallister,@sammcallister,2026-07-06T17:44:08+00:00,active
1299,Sam Rodriques,@sgrodriques,2026-07-10T14:19:30+00:00,active
615,Sam Schoenholz,@sschoenholz,2026-05-24T17:20:12+00:00,active
1619,Sam Sheffer,@samsheffer,2026-07-11T00:21:48+00:00,active
1544,Sam Shleifer,@sam_shleifer,2026-06-25T04:06:29+00:00,active
1042,Sam Whitmore,@sjwhitmore,2026-07-08T19:24:51+00:00,active
1323,Samarth Sinha,@_sam_sinha_,2026-07-09T23:32:26+00:00,active
1752,Sameer Samat,@ssamat,2026-06-30T20:31:25+00:00,active
302,Sameer Singh,@sameer_,2026-04-22T16:08:44+00:00,active
1692,samim,@samim,2026-01-10T18:46:01+00:00,active
2536,samir,@_samirism,2026-07-11T03:26:24+00:00,active
1610,Samo Burja,@samoburja,2026-07-10T22:19:58+00:00,active
1094,Samuel Albanie 🇬🇧,@samuelalbanie,2026-07-06T23:06:32+00:00,active
1663,Samuel Hammond 🦉,@hamandcheese,2026-07-11T11:25:00+00:00,active
1319,Samuel L Smith,@samuelmlsmith,2026-06-19T09:28:50+00:00,active
2169,Samuel Marks,@saprmarks,2026-05-24T20:11:27+00:00,active
1918,Sanae Lotfi @ICML,@lotfisanae,2026-07-09T13:10:32+00:00,active
2975,Sanchit Gandhi,@sanchitgandhi99,2024-08-12T12:30:16+00:00,active
97,Sander Dieleman @ ICML 2026🇰🇷,@sedielem,2026-07-11T12:07:34+00:00,active
1828,Sandhya Venkatachalam,@svenkatachalam,2026-06-04T15:54:22+00:00,active
546,Sang Michael Xie,@sangmichaelxie,2026-07-09T02:54:36+00:00,active
498,Sanja Fidler,@fidlersanja,2026-06-03T17:49:03+00:00,active
98,Sanjeev Arora,@prfsanjeevarora,2026-07-09T19:55:36+00:00,active
2404,sankalp,@dejavucoder,2026-07-11T08:16:29+00:00,active
2001,Sanmi Koyejo,@sanmikoyejo,2026-07-11T01:01:21+00:00,active
682,Sara Beery,@sarameghanbeery,2026-07-10T01:55:38+00:00,active
20,Sara Hooker,@sarahookr,2026-07-09T18:34:43+00:00,active
787,Sarah Catanzaro,@sarahcat21,2026-07-06T05:17:24+00:00,active
1475,Sarah Chieng,@milksandmatcha,2026-07-10T18:34:16+00:00,active
135,sarah guo,@saranormous,2026-07-10T13:02:25+00:00,active
1889,Sarah Schwettmann,@cogconfluence,2026-07-10T00:59:51+00:00,active
2110,Sarah Shoker,@sarahshoker,2026-03-31T18:12:59+00:00,active
1231,Sarah Wang,@sarahdingwang,2026-07-11T08:03:13+00:00,active
483,Sarah Wiegreffe ✈️ ICML,@sarahwiegreffe,2026-07-07T05:08:49+00:00,active
1798,Sarath Chandar,@apsarathchandar,2026-07-10T00:07:43+00:00,active
1932,Sasha Doubov,@sashadoubov,2026-07-04T05:47:56+00:00,active
535,"Sasha Luccioni, PhD 🦋🌎✨🤗",@sashamtl,2025-10-30T15:15:47+00:00,active
27,Sasha Rush,@srush_nlp,2026-07-10T17:42:04+00:00,active
158,Satya Nadella,@satyanadella,2026-07-10T16:22:47+00:00,active
1927,Saurabh Garg,@saurabh_garg67,2026-07-11T01:25:05+00:00,active
1872,Saurabh Shah,@saurabh_shah2,2026-07-10T21:57:48+00:00,active
2529,Sayak Paul,@risingsayak,2026-07-11T06:52:14+00:00,active
878,Sayash Kapoor,@sayashk,2026-07-10T21:47:00+00:00,active
665,scott belsky,@scottbelsky,2026-07-09T20:55:54+00:00,active
1225,Scott Linderman,@scott_linderman,2026-07-07T00:55:53+00:00,active
956,Scott Niekum,@scottniekum,2026-07-07T00:44:55+00:00,active
486,Scott Reed,@scott_e_reed,2026-07-10T14:12:36+00:00,active
2490,Scott Stephenson,@deepgramscott,2026-07-08T18:42:29+00:00,active
549,Scott Wu,@scottwu46,2026-07-10T23:48:52+00:00,active
656,Sean Ren,@xiangrennlp,2026-03-12T17:51:27+00:00,active
534,Sean Welleck,@wellecks,2026-07-03T20:47:24+00:00,active
436,Sebastian Gehrmann,@sebgehr,2026-07-07T15:40:56+00:00,active
1706,Sebastian Mallaby,@scmallaby,2026-07-11T10:56:29+00:00,active
187,Sebastian Raschka,@rasbt,2026-07-10T13:32:25+00:00,active
219,Sebastian Riedel (@riedelcastro@sigmoid.social),@riedelcastro,2024-11-27T17:31:14+00:00,active
1374,Sebastian Risi,@risi1979,2026-07-11T10:10:09+00:00,active
61,Sebastian Ruder,@seb_ruder,2025-10-08T15:58:20+00:00,active
1257,Sebastian Schuster,@sebschu,2026-07-07T16:56:25+00:00,active
613,Sebastian Thrun,@sebastianthrun,2025-10-22T13:56:31+00:00,active
71,Sebastien Bubeck,@sebastienbubeck,2026-07-10T21:11:43+00:00,active
888,Sepp Hochreiter,@hochreitersepp,2026-07-02T13:40:25+00:00,active
1264,Serena Yeung-Levy,@yeung_levy,2025-04-15T21:50:51+00:00,active
962,Serge Belongie,@sergebelongie,2025-08-20T07:28:38+00:00,active
2552,Sergey Edunov,@edunov,2026-07-01T18:25:02+00:00,active
33,Sergey Levine,@svlevine,2026-07-10T23:18:42+00:00,active
1324,Sergio (🌈)🕊️#PalestineLivesMatter,@sguada,2024-11-30T18:05:59+00:00,active
2185,Serina Chang,@serinachang5,2026-07-07T14:47:49+00:00,active
163,Sewon Min,@sewon__min,2026-07-10T09:43:42+00:00,active
1369,Seán Ó hÉigeartaigh,@s_oheigeartaigh,2026-07-11T07:50:42+00:00,active
1589,shadcn,@shadcn,2026-07-11T08:54:27+00:00,active
1768,Shakeel,@shakeelhashim,2026-07-11T09:59:26+00:00,active
76,Shakir Mohamed,@shakir_za,2024-11-12T17:05:19+00:00,active
169,Sham Kakade,@shamkakade6,2026-07-10T11:32:24+00:00,active
64,Shane Gu,@shaneguml,2026-07-09T21:18:29+00:00,active
242,Shane Legg,@shanelegg,2026-07-08T09:12:09+00:00,active
2934,Shannon Sands,@max_paperclips,2026-07-11T11:50:52+00:00,active
1289,Shannon Shen,@shannonzshen,2026-07-11T05:02:40+00:00,active
1378,Shao-Hua Sun @ ICML 🇰🇷,@shaohua0116,2026-07-11T01:35:59+00:00,active
1361,Sharad Vikram,@sharadvikram,2025-10-13T16:43:22+00:00,active
1548,Sharan Narang,@sharan0909,2026-02-04T17:55:20+00:00,active
569,Sharif Shameem,@sharifshameem,2026-07-09T18:04:33+00:00,active
707,Sharon Li,@sharonyixuanli,2026-07-06T14:05:53+00:00,active
884,Sharon Zhou ✈️ ICML,@realsharonzhou,2026-07-05T17:33:50+00:00,active
1856,Shashwat Goel @ ICML 🇰🇷,@shashwatgoel7,2026-07-11T09:27:41+00:00,active
630,Shayne Longpre ✈️ ICML 🇰🇷,@shayneredford,2026-07-08T23:09:59+00:00,active
929,Shek Azizi,@azizishekoofeh,2025-10-15T23:17:03+00:00,active
1215,Sheng Shen,@shengs1123,2026-07-11T04:51:28+00:00,active
2452,Shengding Hu,@deanhu11,2025-08-21T03:31:38+00:00,active
310,Shengjia Zhao,@shengjia_zhao,2026-07-09T14:34:08+00:00,active
559,Sherjil Ozair,@sherjilozair,2025-11-29T03:42:26+00:00,active
554,Sherry Tongshuang Wu,@tongshuangwu,2026-07-10T02:03:36+00:00,active
907,Sherry Yang,@sherryyangml,2026-05-22T17:15:56+00:00,active
672,Sherwin Wu,@sherwinwu,2026-07-10T23:19:09+00:00,active
1275,Sheryl Hsu,@sherylhsu02,2026-05-20T19:09:15+00:00,active
2004,Shibani Santurkar,@shibanisan,2024-09-12T21:14:53+00:00,active
2151,Shikhar,@shikharmurty,2026-07-10T14:59:57+00:00,active
301,Shimon Whiteson,@shimon8282,2026-06-12T08:34:31+00:00,active
2567,Shishir Patil,@shishirpatil_,2026-07-09T17:07:46+00:00,active
2929,Shivani,@shivani_3000,2026-06-02T15:35:34+00:00,active
1876,Shiyue Zhang,@byryuer,2026-07-08T03:27:53+00:00,active
1761,Shlomi Fruchter,@shlomifruchter,2026-07-02T09:11:48+00:00,active
110,Sholto Douglas,@_sholtodouglas,2026-07-10T17:53:22+00:00,active
1771,shreya rajpal,@shreyar,2026-07-08T20:01:02+00:00,active
519,Shreya Shankar,@sh_reya,2026-07-10T16:12:36+00:00,active
1184,Shruti Rijhwani,@shrutirij,2026-07-08T13:19:32+00:00,active
2800,Shu,@shuding,2026-06-30T15:48:02+00:00,active
997,Shuang Li,@shuangl13799063,2026-07-09T20:54:34+00:00,active
1599,Shubham Saboo,@saboo_shubham_,2026-07-11T02:27:15+00:00,active
1431,Shubhendu Trivedi,@_onionesque,2026-07-10T06:34:23+00:00,active
847,Shuchao Bi,@shuchaobi,2026-07-11T01:28:02+00:00,active
342,Shunyu Yao,@shunyuyao12,2026-07-06T15:20:01+00:00,active
705,Shuran Song,@songshuran,2026-07-10T18:57:45+00:00,active
941,Shuyan Zhou,@shuyanzh36,2026-07-09T21:53:31+00:00,active
1059,shyamal,@shyamalanadkat,2026-07-10T08:18:55+00:00,active
545,Siddharth Karamcheti,@siddkaramcheti,2026-07-09T18:39:34+00:00,active
2309,Siddhartha Srinivasa,@siddhss5,2026-06-04T15:25:47+00:00,active
753,Silvio Savarese,@silviocinguetta,2026-05-29T03:07:21+00:00,active
959,Simo Ryu,@cloneofsimo,2026-07-11T09:31:54+00:00,active
2580,Simon Eskildsen,@sirupsen,2026-07-10T13:33:57+00:00,active
2760,Simon Farshid,@simonfarshid,2026-07-09T21:31:44+00:00,active
2257,Simon Lacoste-Julien,@simonlacostej,2025-12-03T22:11:50+00:00,active
1530,Simon Last,@simonlast,2026-07-09T17:07:03+00:00,active
314,Simon Shaolei Du,@simonshaoleidu,2026-07-07T07:23:50+00:00,active
206,Simon Willison,@simonw,2026-07-10T19:30:30+00:00,active
2068,Simran Arora,@simran_s_arora,2026-07-08T18:22:14+00:00,active
2988,Siméon,@simeon_cps,2026-07-09T22:54:03+00:00,active
828,Siqi Chen,@blader,2026-07-10T05:47:27+00:00,active
340,Siva Reddy,@sivareddyg,2026-07-11T03:24:14+00:00,active
2500,SkalskiP,@skalskip92,2026-07-10T20:59:40+00:00,active
254,Smerity,@smerity,2025-09-12T21:17:17+00:00,active
982,smitha milli,@smithamilli,2026-07-03T18:19:11+00:00,active
1013,Soheil Feizi,@feizisoheil,2026-07-07T20:41:42+00:00,active
1353,Song Han,@songhan_mit,2026-07-10T02:32:19+00:00,active
1396,Song Mei,@song__mei,2025-12-11T18:25:13+00:00,active
355,Songlin Yang,@songlinyang4,2026-07-10T22:48:07+00:00,active
2006,Sonia Joseph @ ICML,@soniajoseph_,2026-07-11T02:10:57+00:00,active
1057,Sonya Huang 🐥,@sonyatweetybird,2026-07-11T01:39:46+00:00,active
1654,"Sophia Yang, Ph.D.",@sophiamyang,2026-07-09T15:54:22+00:00,active
62,Soumith Chintala,@soumithchintala,2026-07-10T17:18:38+00:00,active
2503,Sri Muppidi,@srimuppidi,2026-05-21T18:58:21+00:00,active
1151,sridhar,@ramaswmysridhar,2026-07-10T20:55:22+00:00,active
1379,Srini Iyer,@sriniiyer88,2026-07-10T22:40:22+00:00,active
1072,Srinivas Narayanan,@snsf,2026-04-23T18:28:13+00:00,active
1116,Stanislas Polu,@spolu,2026-07-08T08:28:07+00:00,active
185,Stanislav Fort,@stanislavfort,2026-07-06T18:30:54+00:00,active
1351,Stas Bekman,@stasbekman,2026-07-10T18:34:58+00:00,active
130,Stefano Ermon,@stefanoermon,2026-07-08T05:47:45+00:00,active
293,Stella Biderman @ ICML,@blancheminerva,2026-07-06T02:56:24+00:00,active
2178,Stella Li ✈️ ICML🇰🇷,@stellalisy,2026-07-08T23:14:11+00:00,active
1399,Stephan Hoyer,@shoyer,2026-07-10T15:34:32+00:00,active
2015,Stephan Mandt,@stephanmandt,2026-07-04T06:47:55+00:00,active
221,Stephanie Chan,@scychan_brains,2026-07-11T03:24:37+00:00,active
2054,Stephanie Milani,@steph_milani,2026-05-11T00:56:07+00:00,active
786,Stephanie Zhan,@stephzhan,2026-07-09T21:32:27+00:00,active
1143,stephen balaban,@stephenbalaban,2026-07-08T20:41:24+00:00,active
416,Stephen McAleer,@mcaleerstephen,2026-07-08T05:40:00+00:00,active
492,Stephen Roller,@stephenroller,2026-04-24T03:26:17+00:00,active
2789,Steve Newman,@snewmanpv,2026-06-30T20:23:51+00:00,active
1443,Steven Adler,@sjgadler,2026-07-09T22:26:35+00:00,active
1400,Steven Brunton,@eigensteve,2026-07-02T19:34:33+00:00,active
1123,Steven Hansen,@zergylord,2026-07-04T17:51:37+00:00,active
1022,Steven Heidel,@stevenheidel,2026-07-09T17:16:58+00:00,active
1904,Steven Wu,@zstevenwu,2026-07-10T19:19:50+00:00,active
1791,stochasm,@stochasticchasm,2026-07-09T05:18:38+00:00,active
1785,Stone Tao,@stone_tao,2026-07-10T06:48:09+00:00,active
1498,Sualeh Asif,@sualehasif996,2026-07-10T08:42:04+00:00,active
869,Subbarao Kambhampati (కంభంపాటి సుబ్బారావు),@rao2z,2026-07-11T02:03:29+00:00,active
650,Suchi Saria,@suchisaria,2026-07-10T02:00:39+00:00,active
365,Suhail,@suhail,2026-07-10T19:45:36+00:00,active
2812,Sully,@sullyomarr,2026-06-27T21:32:15+00:00,active
979,Summer Yue,@summeryue0,2026-04-14T22:55:15+00:00,active
111,Sundar Pichai,@sundarpichai,2026-07-08T00:17:47+00:00,active
2582,Sung Kim,@hunkims,2026-03-19T20:56:00+00:00,active
2598,sunil pai,@threepointone,2026-07-11T07:59:34+00:00,active
1890,Suraj Nair,@surajnair_1,2025-12-17T02:44:13+00:00,active
864,Suresh Venkatasubramanian (mostly in the sky now),@geomblog,2024-11-18T00:18:10+00:00,active
1945,Surya Bhupatiraju,@suryabhupa,2025-12-22T23:38:01+00:00,active
309,Surya Ganguli,@suryaganguli,2026-07-06T10:53:09+00:00,active
90,Susan Zhang,@suchenzang,2026-07-11T07:40:59+00:00,active
399,Swabha Swayamdipta,@swabhz,2025-10-17T18:44:52+00:00,active
649,Swaroop Mishra,@swarooprm7,2026-07-06T19:26:07+00:00,active
230,swyx,@swyx,2026-07-10T22:18:44+00:00,active
1671,Sylvain Gugger,@guggersylvain,2026-03-17T01:17:10+00:00,active
1028,Szymon Sidor,@sidorszymon,2024-09-12T18:05:13+00:00,active
2042,Szymon Tworkowski,@s_tworkowski,2025-11-17T21:32:21+00:00,active
668,Séb Krier,@sebkrier,2026-07-11T11:33:16+00:00,active
141,Taco Cohen,@tacocohen,2026-07-11T08:20:40+00:00,active
1095,Taelin,@victortaelin,2026-07-11T11:19:29+00:00,active
231,Tal Linzen,@tallinzen,2026-07-10T00:09:31+00:00,active
1951,Tal Schuster,@talschuster,2026-05-06T19:43:26+00:00,active
1005,Tamay Besiroglu,@tamaybes,2026-06-22T17:03:03+00:00,active
2829,Tanay Kothari,@tankots,2026-06-30T20:17:07+00:00,active
614,"Tanishq, Ph.D. at ICML",@iscienceluvr,2026-07-11T04:45:51+00:00,active
727,Tao Xu,@txhf,2026-04-27T22:46:24+00:00,active
845,Tao Yu,@taoyds,2026-07-09T19:23:46+00:00,active
2610,Tara Seshan,@tarstarr,2026-07-09T18:37:48+00:00,active
2715,Taranjeet,@taranjeetio,2026-07-09T18:00:07+00:00,active
211,Tatsunori Hashimoto,@tatsu_hashimoto,2026-05-21T15:51:16+00:00,active
1290,Taylor Sorensen,@ma_tay_,2026-07-11T00:40:21+00:00,active
1183,Taylor W. Killian,@tw_killian,2026-07-11T02:12:16+00:00,active
2390,TDM (e/λ) (L8 vibe coder 💫),@cto_junior,2026-07-09T05:29:26+00:00,active
883,Ted Sanders,@sandersted,2026-07-10T07:37:37+00:00,active
2724,Ted Werbel,@tedx_ai,2025-12-12T10:45:39+00:00,active
975,Ted Xiao,@xiao_ted,2026-05-26T21:13:19+00:00,active
2428,Ted Zadouri,@tedzadouri,2026-03-05T14:46:42+00:00,active
1958,Tegan Maharaj @teganmaharaj.bsky.social,@tegan_maharaj,2024-12-29T03:24:29+00:00,active
745,Tejal Patwardhan,@tejalpatwardhan,2026-07-09T17:57:00+00:00,active
295,Tejas Kulkarni,@tejasdkulkarni,2026-07-02T18:01:47+00:00,active
335,Teknium 🪽,@teknium,2026-07-11T10:49:46+00:00,active
75,Tengyu Ma,@tengyuma,2026-06-23T16:27:27+00:00,active
2430,Terry Yue Zhuo @ICML‘26,@terryyuezhuo,2026-07-10T01:02:37+00:00,active
1438,Tessa Barton,@tessybarton,2026-07-10T19:52:52+00:00,active
2148,thamar |,@thamar_solorio,2026-07-07T15:06:33+00:00,active
208,Thang Luong,@lmthang,2026-05-31T18:33:19+00:00,active
813,Thariq,@trq212,2026-07-10T20:02:36+00:00,active
1552,thebes,@voooooogel,2026-07-11T05:15:27+00:00,active
2002,Theo - t3.gg,@theo,2026-07-11T12:22:00+00:00,active
426,Theo Weber,@theophaneweber,2025-11-18T17:06:44+00:00,active
1158,Theofanis Karaletsos,@tkaraletsos,2026-07-04T10:32:21+00:00,active
1208,theseriousadult,@gallabytes,2026-06-24T15:43:52+00:00,active
1248,Thomas Dimson,@turtlesoupy,2026-07-09T23:28:38+00:00,active
68,Thomas G. Dietterich,@tdietterich,2026-06-07T19:16:56+00:00,active
140,Thomas Kipf,@tkipf,2026-07-07T19:03:27+00:00,active
2670,Thomas Ricouard,@dimillian,2026-07-11T11:58:46+00:00,active
1779,Thomas Scialom,@thomasscialom,2026-07-09T20:35:15+00:00,active
34,Thomas Wolf,@thom_wolf,2026-07-10T16:30:22+00:00,active
1304,Thore Graepel,@thoreg,2026-04-19T20:18:25+00:00,active
2648,Thorsten Ball,@thorstenball,2026-07-11T12:08:17+00:00,active
1906,Tianhe (Kevin) Yu,@tianheyu,2026-07-11T00:52:56+00:00,active
556,Tianle Cai,@tianle_cai,2026-07-04T11:47:37+00:00,active
455,Tianqi Chen,@tqchenml,2026-07-11T02:10:51+00:00,active
1199,Tianyi Zhang,@tianyi_zh,2026-07-10T05:53:42+00:00,active
640,Tianyu Gao,@gaotianyu1350,2026-07-09T15:47:47+00:00,active
612,Tibo,@thsottiaux,2026-07-11T05:54:25+00:00,active
1098,Tim Althoff,@timalthoff,2025-11-24T23:53:42+00:00,active
712,Tim Brooks,@_tim_brooks,2026-07-07T19:35:15+00:00,active
425,Tim Cook,@tim_cook,2026-07-08T12:21:27+00:00,active
67,Tim Dettmers,@tim_dettmers,2026-07-07T12:50:38+00:00,active
1867,Tim Fist,@fiiiiiist,2026-06-04T15:53:16+00:00,active
1238,Tim G. J. Rudner,@timrudner,2026-07-10T18:08:44+00:00,active
1295,Tim Hwang,@timhwang,2026-07-11T00:40:59+00:00,active
842,Tim O'Reilly,@timoreilly,2026-07-08T23:44:41+00:00,active
57,Tim Rocktäschel,@_rockt,2026-07-11T07:07:39+00:00,active
610,Tim Salimans,@timsalimans,2026-03-31T01:00:01+00:00,active
575,Tim Vieira,@xtimv,2026-04-03T03:37:11+00:00,active
1167,Tim Zaman,@timzaman,2026-07-05T04:55:39+00:00,active
2413,TimDarcet,@timdarcet,2026-07-09T17:11:36+00:00,active
1141,Timo Schick,@timo_schick,2026-07-04T01:54:24+00:00,active
1510,Timothy B. Lee,@binarybits,2026-07-10T19:18:23+00:00,active
1726,Timothy Nguyen,@iamtimnguyen,2026-07-09T10:33:38+00:00,active
1405,Ting Chen,@tingchenai,2025-07-12T15:50:23+00:00,active
1648,tkasasagi 🐻,@tkasasagi,2026-07-11T03:27:23+00:00,active
225,tobi lutke,@tobi,2026-07-10T13:04:14+00:00,active
2104,Toby Ord,@tobyordoxford,2026-07-10T21:29:10+00:00,active
1115,Toby Pohlen,@tobyphln,2026-06-12T19:03:05+00:00,active
1362,Toby Shevlane,@tshevl,2026-07-10T18:20:59+00:00,active
1776,Todor Markov,@todor_m_markov,2026-02-05T18:54:39+00:00,active
419,Tom Brown,@nottombrown,2026-06-09T18:46:15+00:00,active
1930,Tom Davidson,@tomdavidsonx,2026-07-10T15:29:46+00:00,active
2417,Tom Ellis,@tomjaguarpaw,2026-06-28T13:57:24+00:00,active
1948,Tom Everitt,@tom4everitt,2025-07-09T15:36:30+00:00,active
196,Tom Goldstein,@tomgoldsteincs,2026-02-17T16:28:41+00:00,active
814,Tom M Mitchell,@tommmitchell,2026-05-28T21:11:55+00:00,active
927,Tom McCoy,@rtommccoy,2026-07-06T20:50:24+00:00,active
1899,Tom McGrath,@banburismus_,2026-07-11T03:48:34+00:00,active
2009,Tom Rainforth,@tom_rainforth,2026-07-10T11:54:59+00:00,active
1317,Tomek Korbak,@tomekkorbak,2026-07-11T02:44:09+00:00,active
2264,Tomer Ullman,@tomerullman,2025-10-27T13:05:56+00:00,active
1133,Tongzhou Wang,@ssnl_tz,2026-05-04T08:30:03+00:00,active
2396,Tony Wu,@tonywu_71,2026-07-08T11:33:14+00:00,active
1725,Tony Zador,@tonyzador,2026-07-07T15:46:13+00:00,active
785,Tony Zhao,@tonyzzhao,2026-07-10T05:25:26+00:00,active
2967,Torsten Scholak,@tscholak,2026-05-22T13:04:32+00:00,active
2199,Trae Stephens,@traestephens,2026-07-09T21:07:16+00:00,active
1424,Trapit Bansal,@trapitbansal,2026-04-08T17:50:49+00:00,active
706,travis kalanick,@travisk,2026-06-29T15:19:21+00:00,active
780,Trenton Bricken,@trentonbricken,2026-07-06T18:30:18+00:00,active
1176,Trevor Cai,@trevorycai,2026-05-06T16:08:54+00:00,active
1969,Trevor Gale,@tgale96,2025-10-23T12:41:39+00:00,active
1019,trevordarrell,@trevordarrell,2026-06-19T19:38:17+00:00,active
118,Tri Dao,@tri_dao,2026-07-10T10:27:41+00:00,active
1911,trieu,@thtrieu_,2026-02-25T16:42:06+00:00,active
1736,Tristan,@itstkai,2025-12-04T22:52:55+00:00,active
1190,Tristan Hume,@trishume,2026-02-28T01:58:36+00:00,active
1429,Tristan Thrush,@tristanthrush,2026-06-23T15:56:22+00:00,active
1086,Tu Vu,@tuvllms,2026-07-09T14:58:03+00:00,active
968,Tuhin Chakrabarty,@tuhinchakr,2026-07-11T02:05:40+00:00,active
1717,Tulsee Doshi,@tulseedoshi,2026-06-11T17:07:44+00:00,active
2997,Tung Nguyen,@tungnd_13,2025-11-26T18:02:13+00:00,active
1864,Tuomas Haarnoja,@haarnoja,2026-04-29T23:35:46+00:00,active
2821,Ty,@fieroty,2026-07-09T17:56:28+00:00,active
2064,Tyna Eloundou,@thankyourniceai,2025-08-27T20:01:57+00:00,active
292,typedfemale,@typedfemale,2026-06-28T06:07:57+00:00,active
2458,Umar Jamil,@hkproj,2026-03-18T15:05:10+00:00,active
2149,uncatherio,@uncatherio,2026-04-26T20:19:48+00:00,active
1893,Uri Alon,@urialon1,2024-09-19T17:48:35+00:00,active
1432,Uri Shalit,@shalituri,2025-07-15T17:02:00+00:00,active
1414,utku,@utkuevci,2026-07-09T22:04:03+00:00,active
2570,Vahab Mirrokni,@mirrokni,2026-07-09T03:06:10+00:00,active
1536,Vaibhav (VB) Srivastav,@reach_vb,2026-07-11T07:09:04+00:00,active
1860,Vaishnavh Nagarajan,@_vaishnavh,2026-07-09T13:07:14+00:00,active
1009,Valentina Pyatkin,@valentina__py,2026-07-06T19:46:27+00:00,active
1125,Varun Mohan,@_mohansolo,2026-06-23T18:12:57+00:00,active
1382,Vedant Misra,@vedantmisra,2026-07-10T19:26:33+00:00,active
353,Vered Shwartz,@veredshwartz,2026-07-10T19:11:18+00:00,active
1212,Verena Rieser,@verena_rieser,2026-07-09T11:16:41+00:00,active
1055,Ves Stoyanov,@vesko_st,2026-03-04T05:51:44+00:00,active
2331,vibagor441,@vibagor44145276,2025-08-10T06:48:27+00:00,active
942,Victor Veitch 🔸,@victorveitch,2026-07-07T02:02:24+00:00,active
504,Victor Zhong,@hllo_wrld,2026-06-11T13:57:03+00:00,active
1177,Victoria Dean @vdean.bsky.social,@vdean314,2024-11-16T20:05:18+00:00,active
565,Victoria Krakovna,@vkrakovna,2026-07-09T17:46:27+00:00,active
564,Victoria X Lin,@victorialinml,2026-07-11T05:35:16+00:00,active
1503,Vijay Pande,@vijaypande,2026-07-10T00:09:47+00:00,active
2077,vik,@vikhyatk,2026-07-11T07:38:14+00:00,active
2528,Vik Paruchuri,@vikparuchuri,2026-07-02T14:54:30+00:00,active
1795,Vikash Kumar,@vikashplus,2026-07-09T17:13:08+00:00,active
2467,Vinay Ramasesh,@vinayramasesh,2025-09-28T19:38:54+00:00,active
1185,Vincent Conitzer,@conitzer,2026-07-11T12:16:23+00:00,active
655,Vincent Sitzmann,@vincesitzmann,2026-06-23T16:39:58+00:00,active
2761,Vincent van der Meulen,@vinvan,2026-07-03T18:05:28+00:00,active
992,Vincent Weisser,@vincentweisser,2026-07-11T03:18:59+00:00,active
2457,vinh q. tran,@vqctran,2025-12-05T20:17:15+00:00,active
1134,Vinodkumar Prabhakaran,@vinodkpg,2026-07-03T21:40:51+00:00,active
453,Violet Peng,@violetnpeng,2026-07-09T03:32:43+00:00,active
3036,Vipul Gupta,@vipul_1011,2026-07-09T04:06:25+00:00,active
1487,Vipul Ved Prakash,@vipulved,2026-07-09T16:39:36+00:00,active
2865,Virat Singh,@virattt,2026-07-10T19:39:01+00:00,active
1479,Vitaliy Chiley,@vitaliychiley,2026-07-10T14:12:19+00:00,active
1213,Vitaly 🇺🇦 Feldman,@vitalyfm,2026-02-27T05:56:45+00:00,active
2472,Vlad,@vladquant,2026-06-24T08:47:11+00:00,active
1783,Vlad Feinberg,@feinbergvlad,2026-06-15T13:21:17+00:00,active
1865,Volkan Cevher,@cevherlions,2026-07-08T08:51:15+00:00,active
839,Volodymyr Kuleshov 🇺🇦,@volokuleshov,2026-07-09T10:20:57+00:00,active
1679,Wade Foster,@wadefoster,2026-07-10T15:22:46+00:00,active
1507,Walden,@walden_yan,2026-07-08T22:14:29+00:00,active
1759,Walter Reade,@walterreade,2026-07-10T15:33:47+00:00,active
1280,Wei Hu,@weihu_,2026-07-10T21:12:14+00:00,active
372,Wei Xu,@cocoweixu,2026-07-10T15:12:17+00:00,active
1815,Wei-Lin Chiang,@infwinston,2026-07-10T20:18:39+00:00,active
1755,Weihua Hu,@weihua916,2026-06-24T05:27:38+00:00,active
381,Weijia Shi,@weijiashi2,2026-07-08T19:51:44+00:00,active
2105,Weijie Su,@weijie444,2026-06-27T00:00:53+00:00,active
633,Weiyan Shi,@shi_weiyan,2026-07-10T21:59:54+00:00,active
1921,Wenda Zhou,@zhouwenda,2025-12-02T01:14:59+00:00,active
360,Wenhu Chen,@wenhuchen,2026-07-09T16:12:48+00:00,active
731,Wenting Zhao,@wzhao_nlp,2026-07-10T14:48:37+00:00,active
1495,wh,@nrehiew_,2026-07-09T20:28:31+00:00,active
574,will brown,@willccbb,2026-07-11T09:38:22+00:00,active
1409,Will Bryk,@williambryk,2026-07-05T21:18:51+00:00,active
2455,will depue,@willdepue,2026-07-10T15:13:28+00:00,active
1909,Will Held,@williambarrheld,2026-07-09T03:39:07+00:00,active
521,Will Manidis,@willmanidis,2026-07-10T23:31:08+00:00,active
1101,william,@wgussml,2026-07-10T03:54:05+00:00,active
1489,William Falcon ⚡️,@williamfalcon,2026-07-10T14:44:18+00:00,active
1034,William Isaac,@wsisaac,2026-07-11T07:41:26+00:00,active
1623,William MacAskill,@willmacaskill,2026-07-11T06:58:09+00:00,active
669,William Merrill,@lambdaviking,2026-06-30T18:27:19+00:00,active
379,William Wang,@williamwangnlp,2026-04-07T23:05:13+00:00,active
2172,Willie Agnew | wagnew@dair-community.social,@willie_agnew,2024-12-19T07:56:27+00:00,active
1742,Wing Lian (caseus),@winglian,2026-05-25T19:50:15+00:00,active
1049,Winnie Xu,@winniethexu,2026-06-23T17:08:40+00:00,active
1425,Wojciech Czarnecki,@wojczarnecki,2026-04-27T14:57:43+00:00,active
91,Wojciech Zaremba,@woj_zaremba,2026-06-26T18:05:50+00:00,active
1410,Woosuk Kwon,@woosuk_k,2026-07-09T19:35:37+00:00,active
663,Xiang Lisa Li,@xianglisali2,2024-10-24T20:01:01+00:00,active
1228,Xiang Lorraine Li@ICML,@xiang_lorraine,2025-11-04T23:23:12+00:00,active
1293,Xiang Yue,@xiangyue96,2026-07-09T15:33:02+00:00,active
604,Xiao Ma,@infoxiao,2026-07-09T20:26:30+00:00,active
1010,Xiaohua Zhai,@xiaohuazhai,2026-07-09T20:20:38+00:00,active
2385,Xiaokang Chen,@pkucxk,2026-06-20T17:23:05+00:00,active
560,Xiaolong Wang,@xiaolonw,2026-07-09T15:45:51+00:00,active
2463,Xikun Zhang 张熙堃,@xikun_zhang_,2025-08-05T17:06:15+00:00,active
396,Xin Eric Wang,@xwang_lk,2026-07-11T03:52:46+00:00,active
918,Xin Wang,@xinw_ai,2026-07-09T18:23:34+00:00,active
818,Xinyun Chen,@xinyun_chen_,2026-07-10T04:43:48+00:00,active
832,xjdr,@_xjdr,2026-07-10T23:46:08+00:00,active
690,xuan (ɕɥɛn / sh-yen),@xuanalogue,2026-07-11T00:18:50+00:00,active
1991,Yacine Jernite,@yjernite,2025-10-30T19:19:31+00:00,active
695,Yanai Elazar,@yanaiela,2026-07-10T12:27:09+00:00,active
235,Yang Song,@dryangsong,2026-07-09T16:30:42+00:00,active
1968,Yangjun Ruan,@yangjunr,2026-01-23T02:06:32+00:00,active
1197,Yangqing Jia,@jiayq,2026-05-06T18:22:11+00:00,active
1193,Yangsibo Huang,@yangsibohuang,2025-11-18T16:24:10+00:00,active
361,Yann Dubois,@yanndubs,2026-07-10T07:56:38+00:00,active
13,Yann LeCun,@ylecun,2026-07-11T11:11:19+00:00,active
1520,Yann N. Dauphin,@ynd,2024-12-10T15:32:04+00:00,active
576,Yao Fu,@francis_yao_,2026-07-10T21:21:06+00:00,active
131,Yarin,@yaringal,2026-07-11T10:28:25+00:00,active
746,Yaroslav Bulatov @ ICML,@yaroslavvb,2026-07-07T12:08:51+00:00,active
1459,Yaroslav Ganin,@yaroslav_ganin,2024-07-25T17:38:24+00:00,active
781,Yasaman Bahri,@yasamanbb,2026-07-09T20:34:49+00:00,active
1078,Yash Patil,@ypatil125,2026-07-08T17:14:43+00:00,active
2499,Yasmine,@cyousakura,2026-06-24T14:17:47+00:00,active
1629,Yasser,@yasser_elsaid_,2026-07-09T12:41:48+00:00,active
103,Yee Whye Teh,@yeewhye,2026-07-10T16:07:30+00:00,active
59,Yejin Choi,@yejinchoinka,2026-07-07T00:21:40+00:00,active
2252,yi,@agihippo,2026-07-10T02:18:25+00:00,active
424,Yi Ma,@yimatweets,2026-07-11T04:16:46+00:00,active
165,Yi Tay,@yitayml,2026-07-08T23:24:21+00:00,active
1923,Yiding Jiang,@yidingjiang,2026-07-03T21:50:58+00:00,active
1841,Yifei Zhou,@yifeizhou02,2026-07-08T21:16:10+00:00,active
1836,Yijia Shao,@echoshao8899,2026-07-10T15:46:53+00:00,active
496,Yilun Du @ ICML,@du_yilun,2026-07-08T17:51:19+00:00,active
853,Ying Sheng,@ying11231,2026-07-10T22:56:39+00:00,active
1843,yingzhen,@liyzhen2,2026-06-06T01:26:19+00:00,active
2013,Yiping Lu,@2prime_pku,2026-07-07T01:58:06+00:00,active
116,Yisong Yue,@yisongyue,2026-07-11T12:11:22+00:00,active
581,Yizhong Wang,@yizhongwyz,2026-02-25T23:08:01+00:00,active
684,Yo Shavit,@yonashav,2026-07-11T01:36:46+00:00,active
174,Yoav Artzi,@yoavartzi,2026-07-09T02:09:50+00:00,active
1928,Yoav Shoham,@yshoham,2026-04-21T16:32:47+00:00,active
580,yobibyte,@y0b1byte,2026-07-09T14:42:30+00:00,active
458,Yonatan Belinkov,@boknilev,2026-07-09T22:37:11+00:00,active
397,Yonatan Bisk,@ybisk,2024-10-31T01:00:52+00:00,active
343,Yoshua Bengio,@yoshua_bengio,2026-07-07T16:23:14+00:00,active
1338,You Jiacheng,@youjiacheng,2026-07-10T04:58:53+00:00,active
2377,younes,@yb2698,2026-05-01T05:14:28+00:00,active
495,Yu Bai,@yubai01,2026-06-26T18:31:27+00:00,active
400,Yu Su,@ysu_nlp,2026-07-10T04:09:04+00:00,active
2108,Yu Yang,@yuyang_i,2025-12-16T19:57:38+00:00,active
2081,Yu-Xiang Wang,@yuxiangw_cs,2026-07-09T01:19:06+00:00,active
192,Yuandong Tian,@tydsh,2026-07-08T05:01:32+00:00,active
1849,Yuchen He,@yuchenhe07,2026-07-11T02:01:07+00:00,active
587,Yuchen Jin,@yuchenj_uw,2026-07-10T17:06:56+00:00,active
1434,Yue Wang,@yuewang314,2026-06-17T16:17:35+00:00,active
1810,Yuge Shi (Jimmy),@yugeten,2026-05-21T23:38:51+00:00,active
460,Yuhuai (Tony) Wu,@yuhu_ai_,2026-02-10T06:47:21+00:00,active
1561,Yujia Li,@liyuajia,2025-03-05T23:57:33+00:00,active
414,Yuke Zhu,@yukez,2026-07-02T15:04:44+00:00,active
326,Yuntian Deng,@yuntiandeng,2026-07-09T06:02:20+00:00,active
1088,Yunzhu Li,@yunzhuliyz,2026-07-10T02:19:22+00:00,active
2134,Yuqing Du,@d_yuqing,2026-05-19T20:55:38+00:00,active
1665,Yusuf Mehdi,@yusuf_i_mehdi,2026-06-16T13:40:27+00:00,active
1831,Yutong Bai,@yutongbai1002,2025-10-14T23:48:32+00:00,active
1334,Zac Kenton,@zackenton1,2026-05-29T15:36:05+00:00,active
2483,Zach Mueller,@thezachmueller,2026-07-11T10:18:15+00:00,active
2575,Zach Tratar,@zachtratar,2026-07-11T01:01:14+00:00,active
38,Zachary Lipton,@zacharylipton,2026-07-10T13:56:55+00:00,active
985,Zachary Nado,@zacharynado,2026-07-11T04:46:32+00:00,active
2904,zack,@wenquai,2026-02-28T13:24:49+00:00,active
1758,Zack Witten,@zswitten,2026-03-30T16:56:23+00:00,active
2793,Zaid,@zaidmukaddam,2026-07-10T20:44:35+00:00,active
2630,Zara Zhang,@zarazhangrui,2026-07-10T15:23:59+00:00,active
1413,Zephyr,@zephyr_z9,2026-07-10T18:24:49+00:00,active
1165,Zexuan Zhong,@zexuanzhong,2026-07-09T18:25:42+00:00,active
2144,zeynep tufekci,@zeynep,2026-07-11T10:45:33+00:00,active
268,"Zeyuan Allen-Zhu, Sc.D.",@zeyuanallenzhu,2026-02-27T05:05:34+00:00,active
2249,Zhaofeng Wu,@zhaofeng_wu,2026-06-18T19:43:16+00:00,active
840,Zhaoran Wang,@zhaoran_wang,2026-07-10T21:13:58+00:00,active
1788,Zhengdong,@zhengdongwang,2026-04-07T21:51:20+00:00,active
1957,Zhengxuan Wu,@zhengxuanzenwu,2026-05-28T19:09:33+00:00,active
1850,Zhihao Jia,@jiazhihao,2026-07-10T15:32:45+00:00,active
1750,Zhihong Shao,@zhs05232838,2025-11-27T15:21:12+00:00,active
609,Zhijing Jin,@zhijingjin,2026-07-09T13:14:59+00:00,active
506,Zhiqing Sun,@edwardsun0909,2026-07-11T01:23:06+00:00,active
1039,Zhiting Hu,@zhitinghu,2026-07-09T21:54:30+00:00,active
352,Zhou Yu,@zhou_yu_ai,2026-07-06T19:57:47+00:00,active
803,Zhuang Liu,@liuzhuang1234,2026-06-24T02:02:26+00:00,active
1129,Zhuohan Li,@zhuohan123,2026-07-09T15:52:54+00:00,active
85,Zico Kolter,@zicokolter,2026-07-09T14:48:05+00:00,active
1541,"Zihan ""Zenus"" Wang",@wzenus,2026-07-11T05:40:16+00:00,active
1703,Zihang Dai,@zihangdai,2025-02-18T04:28:46+00:00,active
1244,Ziming Liu,@zimingliu11,2026-06-22T00:34:40+00:00,active
1719,Zipeng Fu,@zipengfu,2024-12-23T08:20:51+00:00,active
1721,Ziwei Liu,@liuziwei7,2026-07-11T02:52:48+00:00,active
1081,Zizheng Pan,@zizhpan,2026-06-26T01:24:52+00:00,active
81,Zoubin Ghahramani,@zoubinghahrama1,2026-07-07T12:03:04+00:00,active
2115,Zvi Mowshowitz,@thezvi,2026-07-10T13:49:40+00:00,active
596,⿻ Andrew Trask,@iamtrask,2026-07-08T11:01:44+00:00,active
2682,宝玉,@dotey,2026-07-10T23:50:48+00:00,active
2555,熊师傅 weight decay 了吗,@bigeagle_xd,2026-07-11T03:32:11+00:00,active
447,키플리,@kipperrii,2026-07-10T10:41:32+00:00,active
515,𝙷𝚒𝚖𝚊 𝙻𝚊𝚔𝚔𝚊𝚛𝚊𝚓𝚞,@hima_lakkaraju,2026-04-20T19:54:46+00:00,active
920,🇺🇦 Alex Polozov,@skiminok,2026-04-03T14:43:29+00:00,active
508,🇺🇦 Dzmitry Bahdanau,@dbahdanau,2026-07-09T18:12:07+00:00,active
2976,🎙Jean-Louis Queguiner,@jilijeanlouis,2026-07-04T05:53:11+00:00,active
390,👩‍💻 Paige Bailey,@dynamicwebpaige,2026-07-11T04:52:56+00:00,active
724,Adam Santoro,@santoroai,2024-04-04T12:26:33+00:00,inactive_2y
100,Alec Radford,@alecrad,2019-04-25T19:15:59+00:00,inactive_2y
1416,Alex Matthews,@alexggmatthews,2022-07-20T09:15:49+00:00,inactive_2y
517,andrewmccallum,@andrewmccallum,2020-02-07T20:21:39+00:00,inactive_2y
616,Angeliki Lazaridou,@aggielaz,2023-12-22T20:22:45+00:00,inactive_2y
1011,Anna Huang,@huangcza,2023-12-08T20:22:01+00:00,inactive_2y
2100,Antoine Bordes,@antoinebordes,2023-03-16T20:27:25+00:00,inactive_2y
1947,Anton Bakhtin,@anton_bakhtin,2024-03-04T17:16:53+00:00,inactive_2y
1482,Avital Oliver,@avitaloliver,2023-11-28T17:06:24+00:00,inactive_2y
344,Balaji Lakshminarayanan,@balajiln,2022-07-14T19:02:33+00:00,inactive_2y
1949,Becca Roelofs,@beccaroelofs,2022-03-29T16:01:45+00:00,inactive_2y
1359,Candace Ross,@candacerossio,2023-12-13T17:31:53+00:00,inactive_2y
1934,Charlie Nash,@charlietcnash,2024-05-01T13:19:52+00:00,inactive_2y
1970,Charline Le Lan,@charlinelelan,2023-07-26T18:12:49+00:00,inactive_2y
2003,Dan Roth,@danrothnlp,2023-04-13T16:16:11+00:00,inactive_2y
2256,daniel hsu,@djhsu,2022-12-18T23:20:38+00:00,inactive_2y
2014,Daniela Amodei,@danielaamodei,2022-04-29T16:21:00+00:00,inactive_2y
885,Danielle Belgrave,@danicmbelg,2024-03-30T11:33:39+00:00,inactive_2y
747,Daphne Koller,@daphnekoller,2024-04-03T13:38:47+00:00,inactive_2y
2161,Dimitris Tsipras,@tsiprasd,2023-11-22T06:27:01+00:00,inactive_2y
1156,Dr. Bridger - وليد عمار,@waleed_ammar,2023-07-18T10:45:13+00:00,inactive_2y
1972,Ethan Dyer,@ethansdyer,2022-07-01T00:25:30+00:00,inactive_2y
2005,Fernanda Viégas,@viegasf,2024-01-21T13:44:08+00:00,inactive_2y
209,Fernando Pereira,@earnmyturns,2024-01-20T02:22:09+00:00,inactive_2y
622,Gabriel Ilharco,@gabriel_ilharco,2023-11-07T15:02:03+00:00,inactive_2y
1919,George Papamakarios,@gpapamak,2023-05-26T11:21:49+00:00,inactive_2y
657,George Tucker,@georgejtucker,2020-10-02T22:16:24+00:00,inactive_2y
1695,Guillaume Chaslot,@gchaslot,2024-06-29T15:42:49+00:00,inactive_2y
2034,Jake VanderPlas,@jakevdp,2023-06-11T16:27:41+00:00,inactive_2y
1842,Jakob Uszkoreit,@kyosu,2021-11-28T06:48:02+00:00,inactive_2y
2133,James Betker,@neonbjb,2022-10-31T17:29:56+00:00,inactive_2y
1784,James Hensman,@jameshensman,2024-07-09T06:30:30+00:00,inactive_2y
1464,Jeff Donahue,@jeffdonahue,2024-05-15T01:01:36+00:00,inactive_2y
288,John Platt,@johnplattml,2023-08-08T19:31:39+00:00,inactive_2y
1154,Jon Gauthier,@j_gauthier,2023-05-23T23:54:26+00:00,inactive_2y
859,Jonathan Clark,@jonclarkseattle,2023-05-22T19:57:36+00:00,inactive_2y
1040,Jonathan Ho,@hojonathanho,2022-10-05T17:29:35+00:00,inactive_2y
2581,Joshua Ma,@majoshma,2019-11-07T21:38:17+00:00,inactive_2y
894,Katherine Heller,@kat_heller,2023-07-22T19:57:04+00:00,inactive_2y
1397,Kevin Clark,@clark_kev,2023-10-02T15:49:49+00:00,inactive_2y
947,Kevin Swersky,@kswersk,2023-10-02T16:35:19+00:00,inactive_2y
1780,Li JING,@jingli9111,2023-11-20T10:14:34+00:00,inactive_2y
1419,Lucas Theis,@lucastheis,2024-06-16T21:43:30+00:00,inactive_2y
89,Luke Zettlemoyer,@lukezettlemoyer,2018-06-04T15:41:04+00:00,inactive_2y
490,Machel Reid,@machelreid,2024-02-15T15:51:30+00:00,inactive_2y
2146,Maria De-Arteaga,@mariadearteaga,2024-03-28T13:51:46+00:00,inactive_2y
654,Mark Yatskar,@yatskar,2022-12-08T10:39:28+00:00,inactive_2y
1247,Martin Wattenberg,@wattenberg,2023-05-12T01:09:41+00:00,inactive_2y
1996,Marzyeh,@marzyehghassemi,2023-10-03T15:19:18+00:00,inactive_2y
127,Matthew Johnson,@singularmattrix,2022-09-21T00:55:22+00:00,inactive_2y
1255,Matthew Peters,@mattthemathman,2018-04-02T23:43:48+00:00,inactive_2y
2135,Michael Bowling,@michaelhbowling,2020-01-09T01:06:44+00:00,inactive_2y
1192,Miguel Ballesteros,@migballesteros,2023-08-29T14:56:45+00:00,inactive_2y
1977,Minae Kwon,@minaekwon,2023-06-20T15:05:39+00:00,inactive_2y
991,Mitchell Wortsman,@mitchnw,2023-09-28T15:24:01+00:00,inactive_2y
2382,NLPurr,@nlpurr,2023-08-06T19:22:28+00:00,inactive_2y
346,Omer Levy,@omerlevy_,2023-10-22T21:03:03+00:00,inactive_2y
2591,Owen Campbell-Moore ✪,@owencm,2024-05-13T21:29:20+00:00,inactive_2y
1699,ptrblck,@ptrblck_de,2024-03-20T22:06:09+00:00,inactive_2y
1993,Remi Denton,@cephaloponderer,2021-08-13T16:10:24+00:00,inactive_2y
1883,Roman Ring,@inoryy,2022-11-19T20:44:09+00:00,inactive_2y
514,Scott Gray,@scottgray76,2023-11-20T10:16:04+00:00,inactive_2y
802,Scott Wen-tau Yih,@scottyih,2020-10-22T22:07:02+00:00,inactive_2y
1268,Sebastian Borgeaud,@borgeaud_s,2024-04-18T15:56:08+00:00,inactive_2y
1995,Shiori Sagawa,@shiorisagawa,2023-12-14T19:08:00+00:00,inactive_2y
1041,Simon Kornblith,@skornblith,2023-06-08T13:04:00+00:00,inactive_2y
1660,Susan Athey,@susan_athey,2020-03-12T00:46:35+00:00,inactive_2y
1027,Suvrit Sra,@optiml,2020-06-12T19:33:55+00:00,inactive_2y
2419,Tarun Gogineni,@tarungogineni,2021-07-20T11:08:20+00:00,inactive_2y
2502,Tim Scarfe,@ecsquendor,2024-06-30T05:59:28+00:00,inactive_2y
904,Tomasz Malisiewicz,@quantombone,2024-01-07T04:57:53+00:00,inactive_2y
937,Urvashi Khandelwal,@ukhndlwl,2023-01-16T21:24:39+00:00,inactive_2y
728,Vicente Ordóñez,@bluevincent,2022-06-22T18:28:14+00:00,inactive_2y
843,William Cohen,@professorwcohen,2022-12-16T16:20:51+00:00,inactive_2y
608,Alane Suhr,@alsuhr,,no_recent_posts_returned
2532,Albert Webson,@albertwebson,,no_recent_posts_returned
687,David Warde-Farley 🇺🇦 @dwf@sigmoid.social,@dwf,,no_recent_posts_returned
471,"Dr S Osindero 🇺🇦🐘 σ(soc, sindero)+elsewhere tbd",@sindero,,no_recent_posts_returned
459,George Hotz 🌑,@realgeorgehotz,,no_recent_posts_returned
806,Heng Ji,@hengjinlp,,no_recent_posts_returned
1963,Justin Gilmer,@jmgilmer,,no_recent_posts_returned
721,Maike Osborne,@maosbot,,no_recent_posts_returned
1385,Neal Khosla,@nealkhosla,,no_recent_posts_returned
388,Nelson Liu,@nelsonfliu,,no_recent_posts_returned
214,Noah A. Smith,@nlpnoah,,no_recent_posts_returned
960,Piotr Mirowski @bsky.social,@mirowskipiotr,,no_recent_posts_returned
1499,Vlad Mnih,@vladmnih,,no_recent_posts_returned
734,Xuechen Li,@lxuechen,,no_recent_posts_returned
136,𝔊𝔴𝔢𝔯𝔫,@gwern,,no_recent_posts_returned
